imagePath;product_name;product_description;product_category;product_sub_category;product_code;price
https://scontent-sin6-1.xx.fbcdn.net/v/t1.0-9/72569710_118586386219316_634448389961940992_n.jpg?_nc_cat=110&_nc_eui2=AeF-r_zQNoq53G3Vwpcuo36O3mO2DYr8gV3eMkBthPb7T3OwWrNfi4WRAbu6Sp49k0jQiPsRdtkrEYZlzLl-fej5nF6LW1yawbU7bXLosHSn_A&_nc_oc=AQlcsFVl7fYVnDqKhYmx62tdGDYiu1OTQn7CLUzeXJ6qjlxpTsEKi7HYtdPlye_KBeM&_nc_ht=scontent-sin6-1.xx&oh=ac600c38beaab4567bcbd3e730b6870f&oe=5E266E31;Aqua Galon 19L;Aqua Galon isi 19lt;MINUMAN;Aqua;A0001;18000
https://scontent-sin6-1.xx.fbcdn.net/v/t1.0-9/72610291_119285336149421_5710184875735121920_n.jpg?_nc_cat=106&_nc_eui2=AeHS8elUUcv8S9jvSNvbRf26dgOyBsBWmIUPv6bPtCtsp0Kb9ZDoFypyKDI8LMM03rmqUGCmIBDksLeX6tTzxHip0_cLIL17Vtmp7hAD31owjQ&_nc_oc=AQnOgarJl9R7JQDj1Ae2mkw5jrfzmS8FjaB_8Ud8Q7DrE2_1ZVK06_ck5hW991_igeg&_nc_ht=scontent-sin6-1.xx&oh=f72e34c013855b66da27689c505a39f9&oe=5E1EC271;Gas Elpiji 12kg;Gas Elpiji isi 12kg;GAS;Elpiji;A0002;155000
https://scontent-sin6-1.xx.fbcdn.net/v/t1.0-9/73325567_119286279482660_2480088389303402496_n.jpg?_nc_cat=106&_nc_eui2=AeGrm2RjQVT9Lwdeid9nmiJfAFa1q7mkp8JS2CualZHjkNLpwULU_90OOuajyENsC-jHZs1sGwIE6VH4uQkclhPoJoCBYb3GItGzrCqHimkgbg&_nc_oc=AQlPgXz7mbD2GhhLxNEnG1BeyQC9SiLvsaNIHJD0OFtRhbccYrVFbwgNAFv5PSks06M&_nc_ht=scontent-sin6-1.xx&oh=f3603acf448db8c7f928c539cc04a154&oe=5E1CC30F;Gas Elpiji 5,5kg;Gas Elpiji isi 5,5kg;GAS;Elpiji;A0003;75000
https://scontent-sin6-1.xx.fbcdn.net/v/t1.0-9/72332546_119287199482568_7073379810126331904_n.jpg?_nc_cat=108&_nc_eui2=AeHh0zHG7FQ6QJlfW-A9Vq5RCv4tTxS2-kjStr4leOezfxxjO_VKvdHF500h_3FVjx_WiU95qn2vdwEbJjUJ8potIFB0ivgGFGltOIj4_PzIiQ&_nc_oc=AQkBtEAirBJ2VPqYB02BXvD1RYoZxFnZ4vjtXrFU7ZiQT-PhJ6x-3qzJbP1E_3nnLP8&_nc_ht=scontent-sin6-1.xx&oh=4f71da70c87e87b8a91bfa2a0833b4e3&oe=5E22CFB3;Gas Elpiji 3kg;Gas Elpiji isi 3kg;GAS;Elpiji;A0004;21000
https://scontent-sin6-1.xx.fbcdn.net/v/t1.0-9/72610291_119285336149421_5710184875735121920_n.jpg?_nc_cat=106&_nc_eui2=AeHS8elUUcv8S9jvSNvbRf26dgOyBsBWmIUPv6bPtCtsp0Kb9ZDoFypyKDI8LMM03rmqUGCmIBDksLeX6tTzxHip0_cLIL17Vtmp7hAD31owjQ&_nc_oc=AQnOgarJl9R7JQDj1Ae2mkw5jrfzmS8FjaB_8Ud8Q7DrE2_1ZVK06_ck5hW991_igeg&_nc_ht=scontent-sin6-1.xx&oh=f72e34c013855b66da27689c505a39f9&oe=5E1EC271;Tabung Kosong 12kg;Tabung Kosong;GAS;Elpiji;A0005;300000
https://scontent-sin6-1.xx.fbcdn.net/v/t1.0-9/73325567_119286279482660_2480088389303402496_n.jpg?_nc_cat=106&_nc_eui2=AeGrm2RjQVT9Lwdeid9nmiJfAFa1q7mkp8JS2CualZHjkNLpwULU_90OOuajyENsC-jHZs1sGwIE6VH4uQkclhPoJoCBYb3GItGzrCqHimkgbg&_nc_oc=AQlPgXz7mbD2GhhLxNEnG1BeyQC9SiLvsaNIHJD0OFtRhbccYrVFbwgNAFv5PSks06M&_nc_ht=scontent-sin6-1.xx&oh=f3603acf448db8c7f928c539cc04a154&oe=5E1CC30F;Tabung Kosong 5,5kg;Tabung Kosong;GAS;Elpiji;A0006;280000
https://scontent-sin6-1.xx.fbcdn.net/v/t1.0-9/72332546_119287199482568_7073379810126331904_n.jpg?_nc_cat=108&_nc_eui2=AeHh0zHG7FQ6QJlfW-A9Vq5RCv4tTxS2-kjStr4leOezfxxjO_VKvdHF500h_3FVjx_WiU95qn2vdwEbJjUJ8potIFB0ivgGFGltOIj4_PzIiQ&_nc_oc=AQkBtEAirBJ2VPqYB02BXvD1RYoZxFnZ4vjtXrFU7ZiQT-PhJ6x-3qzJbP1E_3nnLP8&_nc_ht=scontent-sin6-1.xx&oh=4f71da70c87e87b8a91bfa2a0833b4e3&oe=5E22CFB3;Tabung Kosong 3kg;Tabung Kosong;GAS;Elpiji;A0007;125000
https://scontent-sin6-1.xx.fbcdn.net/v/t1.0-9/72175532_118587566219198_3802945630800707584_n.jpg?_nc_cat=103&_nc_eui2=AeGPw9SCR18Mvn6UxMQINBhl-LNuiVn8Hy_q1Qq3c6Hwuy3aOieDxwh1f-bPBMHEAtZm4qE9tKZiJgdRMUSKPwZIeRd9i8Y7upv3PHW0PRbJNw&_nc_oc=AQmZ-0NYAekRj73UkuXQ20eE-hem_9ud7MLauEDq-aNwmA7nvyS963D0cRFAhQJwYJA&_nc_ht=scontent-sin6-1.xx&oh=5e782278837fc312c27850cde05e49af&oe=5E5FC2E0;Vit Galon 19L;Vit Galon isi 19lt;GALON;Vit;A0008;16000
https://scontent-sin6-1.xx.fbcdn.net/v/t1.0-9/72396280_118562319555056_3793099379619921920_n.jpg?_nc_cat=102&_nc_eui2=AeFibdRt9he5tbg6m32PPJpjDzMQXMHzgdaNi9Q8qHJ6I6861r4sXUl1TCmxDKfJFf719mtWPz_zWzuoWJ-0jBgtjwfunOBLuYS4M0Aev4JK9g&_nc_oc=AQnpONAjqcccmv5GbvQV5R4ia7_6O1o8hbW5opbsuIO1KK0gNmb8lz-Kg3iPFTaw3tY&_nc_ht=scontent-sin6-1.xx&oh=655a38b6c73e9bb5f893f2d279a923f4&oe=5E5F64E4;Aqua 600mL;Aqua botol 600ml;MINUMAN;Aqua;A0009;46000
https://scontent-sin6-1.xx.fbcdn.net/v/t1.0-9/72601774_118584596219495_2774673663490785280_n.jpg?_nc_cat=102&_nc_eui2=AeFCU0xsQb_5ywp9L6x1RJ-ES_jHZXk17jyf-spJKTFaKPTCCz4qW4JVFC-_VjYvGqLoM-4XRKj0C-Fk6ybXfr7JxcrGQKRLYpDIPXlP7HWmhQ&_nc_oc=AQk0zIPKOQVTlsGoAu5qG07fi166HF31yl4OtvbfY214-RYIDaxQ9-ZN9hbHyO6BH80&_nc_ht=scontent-sin6-1.xx&oh=9e8834209008d4c220021abd797105f1&oe=5E2AF019;Aqua Gelas 220mL;Aqua Gelas 200ml;MINUMAN;Aqua;A0010;31000
https://scontent-sin6-1.xx.fbcdn.net/v/t1.0-9/72529434_118487032895918_3096170219207393280_n.jpg?_nc_cat=105&_nc_eui2=AeE1QDp8bVlnndWo0sA7S7PTA0Rs5CfG3sUd_Yd0PMeN6NFLnyfpEFxiq36VW_gd_zZtLt06flKMBT1IhoWRZy4YthjedL8CiEQGPw50KOJ2kw&_nc_oc=AQkVut6t6QGPDnz8KAkwS33hr7R6BBEnfbhff2-13ZJD6rKdOxTv-hC0ohLjQgeBWoY&_nc_ht=scontent-sin6-1.xx&oh=2dadde0d82dc284a053d143ee5552c27&oe=5E1D5869;Aqua 1500mL;Aqua Botol 1500ml;MINUMAN;Aqua;A0011;49000
https://scontent-sin6-1.xx.fbcdn.net/v/t1.0-9/73147493_119228009488487_5279292981843591168_n.jpg?_nc_cat=100&_nc_eui2=AeF7QqncOUWpsWLa3FbewjndWTVkaSz7u-Vxe9v6AoawBAs5FdL5OaTjnQZuhHtJ_GAFgu_37NVOWC_z2aPlPek8KM9nX9KJxDFQdpqEbGxyzA&_nc_oc=AQnp7nTwUQ6m7Z72jl-sL2rSjPrMlhZnSlklbnW_yPkQJSZ8_pwDr9SXC3IMisEQZcU&_nc_ht=scontent-sin6-1.xx&oh=b00d479a98bf327a64a648e8f4cf83a7&oe=5E17B464;Vit Gelas 240mL;Vit Gelas 240ml;MINUMAN;Vit;A0012;24000
https://scontent-sin6-1.xx.fbcdn.net/v/t1.0-9/72849984_118582869553001_4421746832133062656_n.jpg?_nc_cat=101&_nc_eui2=AeFNOYYYUrKyGLBTDu1sEFmZ64fQkuCR4ctw_rcgCOOy7d-RTfEFluyvJV6rNp0FBZ7wVd_BYbHmFvhO8dEqq-oH2H7tkZPOqEzVglR2WJeSLw&_nc_oc=AQlLEKaIX76WINAPkRgnxyqQlqhQNAHYsS7-0brXMsBkJrB5V3KJWkBENdH4ber3bWM&_nc_ht=scontent-sin6-1.xx&oh=23a273a06205997c1839e54b1b42b884&oe=5E229CB6;Aqua 330mL;Aqua Botol 330ml;MINUMAN;Aqua;A0013;37000
https://scontent-sin2-2.xx.fbcdn.net/v/t1.0-9/72970646_122889032455718_2101254471156760576_n.jpg?_nc_cat=100&_nc_eui2=AeGDQjN53SiZmZuYXfIIBMEKv3aGOTw5IsJ-dE21F3ayfqx6kBWP32c0vk-oh2VwQTdxh6A9HaIxGQJpF1V3hMm8nn7Nc54P777R7v2p4zrA-A&_nc_oc=AQmMZSNNo2TbeDyFr5bJtPhSaGqdZctdhVr-2kXG-AXt5_HlmQqSgOw8ReLe911vHmw&_nc_ht=scontent-sin2-2.xx&oh=059a07bec65e8617d626ecfd2a7a181e&oe=5E265CF7;Galon Kosong;Galon kosong;MINUMAN;Galon;A0014;36000
https://scontent-sin6-1.xx.fbcdn.net/v/t1.0-9/72747529_122301239181164_4397081178549518336_n.jpg?_nc_cat=103&_nc_eui2=AeH__KkLCm0XQv7xy4KvsbP6-IAiwveim6Pp5Dd8GiE4GSlDODpotDQQTElbDMU6gnnXXvloDD7pMdYbCNwvlFQ3lj_1EQShfW-SRu8Cx9YUhg&_nc_oc=AQm9cLoFU_OgqwpPpj3i9jhlrdj0kDizflXBS5dsosLGpY-hAGWaEdUPJG2YzDOjm24&_nc_ht=scontent-sin6-1.xx&oh=49fd34d4f068739f59f97635b8412f75&oe=5E1D6FDF;Paseo Smart 250s;Tissue Paseo;DAN LAIN LAIN;Tissue;A0015;9000
https://scontent-sin2-2.xx.fbcdn.net/v/t1.0-9/72735658_122869525791002_7358001228338429952_n.jpg?_nc_cat=107&_nc_eui2=AeEluQT5vq-1_AsJ7yFoQRag26eqeU5fuUmPKYn7XW4Q1YWYLccKpxHIawpDcsAiq6CL51t5ZakrH1x44y375nhhovDAcNofzQ-d9Ot7ppnzaw&_nc_oc=AQnhwaKgG9RiU2SrZl-773v641MNJFtMiKSynZ0xq0ZJL2TQZSN4Z5Bi8eEQygfih_M&_nc_ht=scontent-sin2-2.xx&oh=cab33e22915f898c0e4b0be3e6ae6da4&oe=5E26B310;Tissue Jolly Coreless;Tissue Jolly;DAN LAIN LAIN;Tissue;A0016;10000
https://scontent-sin6-1.xx.fbcdn.net/v/t1.0-9/72957897_122307955847159_7604023543533142016_n.jpg?_nc_cat=111&_nc_eui2=AeEy7PCvpxmjt2dWtIKGlxtNCMS-xobi-OfHS4KgxeogQ-XjHejIgtmkFC1X0b4KXqvlfnR0YALZ0O_9Rk8fdvG3vQRdJBOM3joPe1jdm9402w&_nc_oc=AQmHXfnoygJFiKgcAsCPkh2F7_5jJR0oP-SVOi9h7G6VAzdBpJtHe3UWGAvgAjawnxg&_nc_ht=scontent-sin6-1.xx&oh=f824ce7908ed86e07c0dfafa7bfcbc69&oe=5E616655;Paseo Handly;Tissue Paseo;DAN LAIN LAIN;Tissue;A0017;5000
https://scontent-sin2-2.xx.fbcdn.net/v/t1.0-9/74524032_122872262457395_3406596904740454400_n.jpg?_nc_cat=103&_nc_eui2=AeGPcBnYWT-VJn-qz6PNRC-qVb194q79X4b2WFHrMAiDvAXh6UmjGJ_VYhSEzlh0FI4-jszREx4Oa_RWbyCoDlz1WRWReB-tGjNMUBygJAiYBg&_nc_oc=AQnImjQss1L4iYacP8MOPsoMmQ3G_tPft-Nrar6YyATZYYnzboLMOy7FDqYmLzBch2E&_nc_ht=scontent-sin2-2.xx&oh=efea353f47f50bd7b2ae2b782d7e71ca&oe=5E214B43;Trash Bag 50x75;Plastik Sampah ukuran 50x75;PLASTIK;Plastik Sampah;A0018;16000
;Plastik PP 8x12;Plastik Kantong Kiloan;PLASTIK;Kantong Kiloan;A0019;10000
;Plastik PP 5x8;Plastik Kantong Kiloan;PLASTIK;Kantong Kiloan;A0020;11000
;Plastik PP 23x35;Plastik Kantong Kiloan;PLASTIK;Kantong Kiloan;A0021;8000
;Plastik PP 25x40;Plastik Kantong Kiloan;PLASTIK;Kantong Kiloan;A0022;8000
;Plastik PP 15x30;Plastik Kantong Kiloan;PLASTIK;Kantong Kiloan;A0023;8000
;Plastik PP 12x25;Plastik Kantong Kiloan;PLASTIK;Kantong Kiloan;A0024;8000
;Plastik PP 40x60;Plastik Kantong Kiloan;PLASTIK;Kantong Kiloan;A0025;8000
;Plastik PP 18x30;Plastik Kantong Kiloan;PLASTIK;Kantong Kiloan;A0026;8000
;Plastik PP 35x50;Plastik Kantong Kiloan;PLASTIK;Kantong Kiloan;A0027;8000
;Plastik PP 50x75;Plastik Kantong Kiloan;PLASTIK;Kantong Kiloan;A0028;17000
;HDPE Merah 17;Plastik Kresek Merah ukuran 17;PLASTIK;Kresek;A0029;17000
;Economi Hitam 24;Plastik Kresek Economi Hitam 24;PLASTIK;Kresek;A0030;6000
https://scontent-sin2-2.xx.fbcdn.net/v/t1.0-9/73342892_123506119060676_6371185603924459520_n.jpg?_nc_cat=109&_nc_oc=AQlrjL2THFNJZTX47IUMcCSD_CTxZnIlInF9OphLtwnVvGF22OsayTZdT6GxbiofZAQ&_nc_ht=scontent-sin2-2.xx&oh=0e55692f65fde34d293fb5e7370416a4&oe=5E591CF0;HDPE Hitam 24;Plastik Kresek Hitam ukuran 24;PLASTIK;Kresek;A0031;12000
;Plastik Klip 8x5;Plastik Klip Ukuran 8x5;PLASTIK;Plastik Klip;A0032;4000
https://scontent-sin2-2.xx.fbcdn.net/v/t1.0-9/73242161_122924632452158_7004149623124131840_n.jpg?_nc_cat=101&_nc_oc=AQngHmGxkZs91xpg3D312zM7OeBik8CZlFOoS8-o_Hd3XqBpS-6wNS7iPttitPqDMZQ&_nc_ht=scontent-sin2-2.xx&oh=e8bb5a0312b818b8da31de5f220cff41&oe=5E21C1BE;Plastik Klip 10x7;Plastik Klip Ukuran 10x7;PLASTIK;Plastik Klip;A0033;6000
;Plastik Klip 10x6;Plastik Klip Ukuran 10x6;PLASTIK;Plastik Klip;A0034;5000
https://scontent-sin2-2.xx.fbcdn.net/v/t1.0-9/75199830_122926615785293_8062713114304446464_n.jpg?_nc_cat=108&_nc_oc=AQlxOCSdsVRfQ1sNmdGSZlAFQ3HO0V2S--oAsG31yNpqoZuHgXM9ZwjaADRF9SRLqns&_nc_ht=scontent-sin2-2.xx&oh=6221a7deb98684def5f0986fe27b35c7&oe=5E590FF1;Plastik Klip 13x8,7;Plastik Klip Ukuran 13x8,7;PLASTIK;Plastik Klip;A0035;8000
https://scontent-sin2-2.xx.fbcdn.net/v/t1.0-9/74987782_122925435785411_3343578271240421376_n.jpg?_nc_cat=108&_nc_oc=AQnlACUQiNuHv9_LjDKLQQVEUPNeolgZ6woE7h8b6491KV6llt59IIpIOMYVDqmGuc0&_nc_ht=scontent-sin2-2.xx&oh=b5cd55ede488f684dfed29f16add96ad&oe=5E20E65B;Plastik Klip 12x8;Plastik Klip Ukuran 12x8;PLASTIK;Plastik Klip;A0036;7000
;Plastik Klip 15x10;Plastik Klip Ukuran 15x10;PLASTIK;Plastik Klip;A0037;10000
;Mangkok Bulat 650ml;Mangkok Plastik 650ml;PLASTIK;Perlengkapan Makan;A0038;2500
;Piring BSM Besar;Piring Plastik Besar;PLASTIK;Perlengkapan Makan;A0039;35000
;Tutup Gelas OZ;Tutup Gelas OZ;MINUMAN;;A0040;3000
;Mangkok BSM M7;Mangkok Plastik BSM ;PLASTIK;Perlengkapan Makan;A0041;24000
;Mangkok BSM M7 Satuan;Mangkok Plastik Satuan;PLASTIK;Perlengkapan Makan;A0042;600
;Rafia Gudang Beras;Beras Rafia;RUMAH TANGGA;Sembako;A0043;18000
;Plastik Ulang Tahun Motif Biasa;;PLASTIK;;A0044;11000
;Sendok Jelly;Plastik Sendok Jelly;PLASTIK;Perlengkapan Makan;A0045;7000
;Spunbond Guess 25x35;;DAN LAIN LAIN;;A0046;6000
;Garpu Bening;Plastik Garpu Bening;PLASTIK;Perlengkapan Makan;A0047;5000
;Plastik PP 60x100;Plastik Kantong Kiloan;PLASTIK;Kantong Kiloan;A0048;8000
https://scontent-sin2-2.xx.fbcdn.net/v/t1.0-9/74228935_123514229059865_7492956196064722944_n.jpg?_nc_cat=106&_nc_eui2=AeF9lLpO-2UZEcbOvPTRGxQ6yauneQCYGO__2kpuOyvTaaS5JJyKf6GCtw6CN63fd-A1lqNg6gMLy983JNOTxnnJ3R4iTz3weAyJl-R0c_09Vg&_nc_oc=AQlTioUlQLiyPf-oP4Xa2N--g_3ItUkkiUFrCFcJ4jGQBUwHvJhkpomqZszPVk8Yo8A&_nc_ht=scontent-sin2-2.xx&oh=ebae41b3f2f5c966b6ea1460f2b2811b&oe=5E1A66ED;HDPE Merah 28;Plastik Kresek Merah Ukuran 28;PLASTIK;Kresek;A0049;15000
;Economi Hitam 28;Plastik Kresek Hitam Ukuran 28;PLASTIK;Kresek;A0050;8000
https://scontent-sin2-2.xx.fbcdn.net/v/t1.0-9/72781210_123508252393796_8215121072480059392_n.jpg?_nc_cat=101&_nc_oc=AQng799Yx-Bg2jUu9DQ2iJI3B-gsZ5nxA0aXHDJKenl92aJVpCVlCbM_tBNfpQ9P3lM&_nc_ht=scontent-sin2-2.xx&oh=d16b0ef020ccc0a0f3c1ef13aac2d128&oe=5E16FC81;HDPE Hitam 28;Plastik Kresek Hitam Ukuran 28;PLASTIK;Kresek;A0051;14000
;HDPE Hitam 35;Plastik Kresek Hitam Ukuran 35;PLASTIK;Kresek;A0052;17000
https://scontent-sin2-2.xx.fbcdn.net/v/t1.0-9/74470870_122911599120128_3657075244209799168_n.jpg?_nc_cat=100&_nc_oc=AQm-mXxs1n5ZjbkGKWaF2FJMi8RnCR0vp7b0fY-n5NCnN-8l_A3dS9QGC3dGDXNxlrQ&_nc_ht=scontent-sin2-2.xx&oh=be5495ea1f85498928c1c2250c8c5eb6&oe=5E1C7537;Plastik 222 12x25;;PLASTIK;Plastik 222;A0053;7000
https://scontent-sin6-1.xx.fbcdn.net/v/t1.0-9/72286259_119220796155875_2989373147267989504_n.jpg?_nc_cat=102&_nc_eui2=AeFjDGji10vlyM5dkrVUWGIRsDlVoGfN28aukIEih1LQMwreM1SXO2qF8amRXzxEz45hFOmYIjTknzaRgF1uhvurCyyLhjxuvYZWlE1lPDQx0g&_nc_oc=AQkFIgnsv4Ha2Xjad1YvUv96e3lMQngsU9nvh76_2OgHapi8gbK2Uj7Ur4mOEWUYz3g&_nc_ht=scontent-sin6-1.xx&oh=3fa3e4a8acbd2a3b022ad0694f701d9d&oe=5E196284;Vit 600mL;Botol Vit 600ml;MINUMAN;Vit;A0054;36000
;Economi Hitam 17;Plastik Kresek Economi Hitam 17;PLASTIK;Kresek;A0055;3000
;Economi Hitam 15;Plastik Kresek Economi Hitam 15;PLASTIK;Kresek;A0056;2500
;Mika 3A;;PLASTIK;Mika;A0057;22000
;Mika 3A Satuan;;PLASTIK;Mika;A0058;300
;Mika 4A;;PLASTIK;Mika;A0059;16000
;Mika 4A Satuan;;PLASTIK;Mika;A0060;250
;Mika 5A;;PLASTIK;Mika;A0061;14000
;Mika 5A Satuan;;PLASTIK;Mika;A0062;200
;Mika 6A;;PLASTIK;Mika;A0063;10000
;Sedotan Tiger Biru;Sedotan Plastik Tiger Biru;PLASTIK;Perlengkapan Makan;A0064;16000
;Sedotan Bubble Anggur;Sedotan Plastik Bubble Anggur;PLASTIK;Perlengkapan Makan;A0065;12000
;Tissue Besar;Tissue Besar;DAN LAIN LAIN;Tissue;A0066;14000
https://scontent-sin2-2.xx.fbcdn.net/v/t1.0-9/73298475_122939242450697_6416503912693497856_n.jpg?_nc_cat=100&_nc_oc=AQnkZLiY-R2UqodQEbehDz20wdcpRjwlE1SSNKOspxAdFPJ5evZxUL-OkZh-bNm0CtU&_nc_ht=scontent-sin2-2.xx&oh=ec8c8acd0df45523ff9d09dc0b0adcb0&oe=5E2B50F0;Kyubi Hitam 15;Plastik Kyubi Ukuran 15;PLASTIK;Plastik Kyubi;A0067;6000
https://scontent-sin2-2.xx.fbcdn.net/v/t1.0-9/74680831_122889675788987_808568095013601280_n.jpg?_nc_cat=101&_nc_eui2=AeG60vx5HakcdLZ8epPZD_KQD0jysEIti_x0g1kHe1Crb9w1illq5UWFKS1pqNVCklCaBy1glUX9tr5KjG9O61i4hlJi7oImF94T95HJ50sYsg&_nc_oc=AQm1eISpSWnnm4srGow4EkWn8xSCpKkK1-tHi_WmUKO_uGQFIygi1aF64n4A06T5D7Y&_nc_ht=scontent-sin2-2.xx&oh=7c647a79fd4855969aab067d812ecf86&oe=5E62916F;Gelas Plastik 12oz;Gelas Plastik Ukuran 12oz;PLASTIK;Perlengkapan Makan;A0068;9000
;Mangkok BSM M6 Satuan;Mangkok Plastik BSM M6 Satuan;PLASTIK;Perlengkapan Makan;A0069;500
;Mangkok BSM M5;Mangkok Plastik BSM M5;PLASTIK;Perlengkapan Makan;A0070;14000
;Plakban Bening;;PLASTIK;;A0071;10000
;Plakban Kecil Biasa;;PLASTIK;;A0072;1500
;Piring Kertas Kecil;;DAN LAIN LAIN;;A0073;2000
;HD Roll Singa;;PLASTIK;;A0074;60000
;Seal Cup Kecil;;PLASTIK;;A0075;65000
;Seal Cup Besar;;PLASTIK;;A0076;85000
;Plastik Wrap Best Fresh 20cm;Plastik Wrap;PLASTIK;Wrap;A0077;95000
;Seal Aqua Polos;Seal Aqua Polos;PLASTIK;;A0078;180000
;Parcel Kado;Parcel Kado;PLASTIK;;A0079;10000
;Mika Jumbo;;PLASTIK;Mika;A0080;2500
;Gretel Box 25x25 Satuan;;DAN LAIN LAIN;;A0081;1800
;Kertas Gadjah Besar;;DAN LAIN LAIN;;A0082;27000
https://scontent-sin2-2.xx.fbcdn.net/v/t1.0-9/74274768_123512995726655_4254298701645742080_n.jpg?_nc_cat=104&_nc_eui2=AeEh0dEpM6QLBeBXKlBZpOId8puzntRUWZ4aG_cVtH3-x5TKHzFZsUBRwb27QKHlq_GAvRCcQCc7sd5nr9HpP4Zno3WW7GEk02xN7LNAYFHSlA&_nc_oc=AQkwNuKnGL2e-k9Pg50PBw6-Kffxg2FTXO8ZdKCtfDy5CCBvvJS8f0XJCLpNLMX3TPg&_nc_ht=scontent-sin2-2.xx&oh=b4c177817143b8d08e8dacd66374b361&oe=5E2DE3D4;HDPE Putih 50;Plastik Kresek Putih Ukuran 50;PLASTIK;Kresek;A0083;35000
https://scontent-sin2-2.xx.fbcdn.net/v/t1.0-9/74300715_122928122451809_1111863026006360064_n.jpg?_nc_cat=111&_nc_oc=AQnEiU1DhwcT7NljxPs0cgFA375tVcHVX7p3EGpVvE--2aS680nKfsvpYuCjYJTW-2Y&_nc_ht=scontent-sin2-2.xx&oh=2f027705e2b232f311d6b147ffc7cdb4&oe=5E188CCC;Plastik Klip 25x16;Plastik Klip Ukuran 25x16;PLASTIK;Plastik Klip;A0084;28000
https://scontent-sin2-2.xx.fbcdn.net/v/t1.0-9/72713815_122927492451872_896416935179190272_n.jpg?_nc_cat=111&_nc_oc=AQk371gvNrT2agm4JfG1FKs0ld7b-47CGKSGlSk7I9AOTjEV2ygDT8dvLv6iAaYBH6w&_nc_ht=scontent-sin2-2.xx&oh=20f42305e4a6a7fb9fb7ae73648a2235&oe=5E576265;Plastik Klip 20x30;Plastik Klip Ukuran 20x30;PLASTIK;Plastik Klip;A0085;35000
https://scontent-sin2-2.xx.fbcdn.net/v/t1.0-9/73047199_122929832451638_2299426113325105152_n.jpg?_nc_cat=104&_nc_oc=AQlEIfHL-tAlwIuiSJosNsA3o2riwwIZbKMoJpOVCSW303JTT-vOP2wneWuDzI7zSqs&_nc_ht=scontent-sin2-2.xx&oh=9438a5cbca4750f9e595edf54fa6c955&oe=5E56D6D8;Plastik Klip 30x40;Plastik Klip Ukuran 30x40;PLASTIK;Plastik Klip;A0086;70000
;Plastik PP 45x65;Plastik Kantong Kiloan;PLASTIK;Kantong Kiloan;A0087;8000
;Plastik PP 30x45;Plastik Kantong Kiloan;PLASTIK;Kantong Kiloan;A0088;8000
https://scontent-sin2-2.xx.fbcdn.net/v/t1.0-9/73381339_122987455779209_617482173926080512_n.jpg?_nc_cat=106&_nc_oc=AQkp3R0PsQMSkNf9lTiVnOA77euwat4lkv7n2zAuKXsFA-erhcMUlN3BXu1icTtQ1uY&_nc_ht=scontent-sin2-2.xx&oh=79cec5e2a3f39c53af2f84baa8859c5d&oe=5E1C56E2;Sarung Tangan;Sarung Tangan Plastik;PLASTIK;Sarung Tangan;A0089;10000
https://scontent-sin2-2.xx.fbcdn.net/v/t1.0-9/73298065_122889855788969_4032012445902962688_n.jpg?_nc_cat=104&_nc_eui2=AeEWzqw-vGZczuP04x_d6m7Mu-A4dEOTP9krNLN2dR7e6VRcRfIlB_Z-1GCQvoJ-seiy-5Ymvo-DlHGBAjoqR-oXQo271SQTaoHDsLwXANsXJQ&_nc_oc=AQnc_S-RC9nLSXSq7NEdirh_39rVNeyDUFFClYGI2uXHe5Y_JZi4VwPlIx3knq0P6rM&_nc_ht=scontent-sin2-2.xx&oh=3bdceacabfe775910b5947602b8cd780&oe=5E1B1504;Gelas Plastik 14oz;Gelas Plastik Ukuran 14oz;PLASTIK;Perlengkapan Makan;A0090;9000
https://scontent-sin2-2.xx.fbcdn.net/v/t1.0-9/73341427_122891552455466_7169380528284499968_n.jpg?_nc_cat=110&_nc_eui2=AeEgfgIEJJArVIerqh6YVc27Xxr5unQg10R4XN_smOS_TxCUwxG0KVzBDJe860wlAapMk5laIl71dn4zNMC4sUtKZR_Jjb-lrzHkhMRPpH2pFQ&_nc_oc=AQmLMs_tjURwJHNJvTrC1FycyHT7B3Ygjf4GBH9DhsCWSsB3zBKvgfuqJ3kAzMg1ysM&_nc_ht=scontent-sin2-2.xx&oh=c2acfea030250dcce3bc5353edc5fc06&oe=5E60E89D;Gelas Plastik 16oz;Gelas Plastik Ukuran 16oz;PLASTIK;Perlengkapan Makan;A0091;10000
https://scontent-sin6-1.xx.fbcdn.net/v/t1.0-9/72681618_119274322817189_5171517451929649152_n.jpg?_nc_cat=103&_nc_eui2=AeHGjWNKSepzcaWx1Mp4zxv2JkxD2V5JGR1Zs53k5-8qR8O1feJWHCeOZf7Sqz_gsbw0oU7yU13zvQM_L19yIK1sGDXSaz16VDuHsl5vzwNi5A&_nc_oc=AQk1EqYzK2gqsFlz8hlPMfNRXl46cfq5IJApCiF2loAuTeYQ8dKZCVMAvVPILa1hb7U&_nc_ht=scontent-sin6-1.xx&oh=b423f5532b8d126b8ff69d48979ece67&oe=5E33B6F8;Teh Pucuk 350ml;Teh Pucuk Botol 350ml;MINUMAN;Teh;A0092;57000
;Standing Pouch 10x17;;PLASTIK;Standing Pouch;A0093;15000
https://scontent-sin2-2.xx.fbcdn.net/v/t1.0-9/72730274_123509899060298_1523606929195139072_n.jpg?_nc_cat=102&_nc_oc=AQmn8AxdsVDO7nV8TDgaPLLaVx2YuXgq1kh4qENAtxO_ZE661Mh_QTXHsjA_WpXHA5k&_nc_ht=scontent-sin2-2.xx&oh=021aa27272653a3b3be71c6a2942e187&oe=5E5E5FF7;HDPE Putih 17;Plastik Kresek Putih Ukuran 17;PLASTIK;Kresek;A0094;17000
;HDPE Putih 24;Plastik Kresek Putih Ukuran 24;PLASTIK;Kresek;A0095;17000
https://scontent-sin2-2.xx.fbcdn.net/v/t1.0-9/72719348_123511005726854_7914937256882733056_n.jpg?_nc_cat=102&_nc_oc=AQm1mn5lefISqZjIG1-6toqq66PAQzgZYXztI7SDHXkCrtiYBhRqHidKKdzntjpguiU&_nc_ht=scontent-sin2-2.xx&oh=9427d072d8dc13c0d140d604fa318b3b&oe=5E5CB5C9;HDPE Putih 35;Plastik Kresek Putih Ukuran 35;PLASTIK;Kresek;A0096;17000
https://scontent-sin2-2.xx.fbcdn.net/v/t1.0-9/72956274_123510349060253_8206866463164727296_n.jpg?_nc_cat=110&_nc_oc=AQm_CLfXOF1Aex-GieaxfHqidDAOGRp00hH4yad-WGjeOsivs_H5gQm6IUK_rHfpFU4&_nc_ht=scontent-sin2-2.xx&oh=294ed800ef597caed11582ebaba5a65c&oe=5E1FB415;HDPE Putih 28;Plastik Kresek Putih Ukuran 28;PLASTIK;Kresek;A0097;17000
;Gelas Aqua;Gelas Plastik Aqua;MINUMAN;;A0098;6000
;Standing Pouch 16x32;;PLASTIK;Standing Pouch;A0099;40000
https://scontent-sin6-1.xx.fbcdn.net/v/t1.0-9/72336715_119214809489807_6704517998587150336_n.jpg?_nc_cat=104&_nc_eui2=AeHTuDvsuHFY2_B3s25JDE3Sj7L4q3STex8CXqAiF9ZI-yxRfRxR9C9P-x8Y05DvsBpM5i-KO48EsNdk1_MMfYnVYjh4PCf_c66SauX7KWttYQ&_nc_oc=AQlXC7tTYvHy3IRKUPUoVuTypRQE4_lPGkFWSdx6_nNZZlbxlWY-O1FjC8jHZCCELsQ&_nc_ht=scontent-sin6-1.xx&oh=f8915e12f6232673dbb78dde464df315&oe=5E3225F0;Vit 1500mL;Vit Botol isi 1500ml;MINUMAN;Vit;A0100;33000
;HDPE Hitam 40;Plastik Kresek Hitam ukuran 40;PLASTIK;Kresek;A0101;17000
;Piring BSM Tanggung;Piring Plastik BSM Tanggung;PLASTIK;Perlengkapan Makan;A0102;20000
;Piring BSM Kecil;Piring Plastik BSM Kecil;PLASTIK;Perlengkapan Makan;A0103;14000
;Mangkok BSM M6;Mangkok Plastik BSM M6 ;PLASTIK;Perlengkapan Makan;A0104;20000
;Garpu Kue;Garpu Plastik Untuk Kue;PLASTIK;Perlengkapan Makan;A0105;2000
;Sendok Sedang;Sendok Plastik Ukuran Sedang;PLASTIK;Perlengkapan Makan;A0106;5000
https://scontent-sin2-2.xx.fbcdn.net/v/t1.0-9/74790422_122914885786466_1369999824740417536_n.jpg?_nc_cat=102&_nc_oc=AQnW9NX-HH6lIsbShhmDTYGUEqF6bGygu1dnqvXGPcmfP-83yLRhXxTzjD-8UxRCJdE&_nc_ht=scontent-sin2-2.xx&oh=fc1e79b9f11c6460ac2e13c349ee0c7a&oe=5E6265B5;Paper Cup Batik;Paper Cup Motif Batik;PLASTIK;Perlengkapan Makan;A0107;18000
;Mika Sekat 18x18;;PLASTIK;Mika;A0108;9000
;Mika Sekat 18x18 Satuan;;PLASTIK;Mika;A0109;200
;Mika Bulat Kecil;;PLASTIK;Mika;A0110;2500
;Mika Bulat Besar;;PLASTIK;Mika;A0111;3000
https://scontent-sin2-2.xx.fbcdn.net/v/t1.0-9/72691417_123511672393454_414457141403844608_n.jpg?_nc_cat=105&_nc_oc=AQlSJNgzsRBH-eKowQ38Xt7SD8BpngtfMgd2uGYvALAmwsQEPQSnIZZRxbgCrJ6XDCU&_nc_ht=scontent-sin2-2.xx&oh=7c332477dad15e7631bc9cf3839871d2&oe=5E2D1B1B;HDPE Putih 40;Plastik Kresek Putih Ukuran 40;PLASTIK;Kresek;A0112;18000
;Aluminium Kotak Kecil;;ALUMINIUM;;A0113;1500
;Aluminium Kotak Tanggung;;ALUMINIUM;;A0114;2000
https://scontent-sin2-2.xx.fbcdn.net/v/t1.0-9/75189009_122945935783361_7811504050574196736_n.jpg?_nc_cat=105&_nc_oc=AQnTWJX8xU9hUPehG_XArlgG-qbgUAYjtMKezM0LvV9tOwp1JKGpJ1GQx0LaPzhA-4c&_nc_ht=scontent-sin2-2.xx&oh=22117cefc536dfdb601e627a2fc65156&oe=5E2A8B8F;Anti Panas Obor 10x20;Plastik Obor Anti Panas;PLASTIK;Plastik Obor;A0115;9000
;Tutup Gelas Puding;Tutup Gelas Puding;PLASTIK;;A0116;4000
;Mika Mini;;PLASTIK;Mika;A0117;8000
https://scontent-sin2-2.xx.fbcdn.net/v/t1.0-9/75407784_123518045726150_3628242385722408960_n.jpg?_nc_cat=104&_nc_eui2=AeHx3RhZ4X7Ottz4VhtJoGicfYN3IbZjq5ntKCJwfuxDqf8dohoD5C88Dks9ncbaZe6V_UH11U9u-f8aID7jB92faXfgrZL1Bm6mg5CNxXEIRw&_nc_oc=AQmgXqsQCZ7vrryJKHNI9rERJim5ZMBOA4iT5CdYtAh1XwdQPL2iFdbot4KxuMIw93U&_nc_ht=scontent-sin2-2.xx&oh=50c08106e70bef27b7295e9201610860&oe=5E58E00E;HDPE Merah 35;Plastik Kresek Merah Ukuran 35;PLASTIK;Kresek;A0118;17000
https://scontent-sin2-2.xx.fbcdn.net/v/t1.0-9/74442495_123519732392648_8065898184741748736_n.jpg?_nc_cat=107&_nc_eui2=AeFPXo1Dt9WFhlvo-tz8s5exNvd1VhimttDe2cx2JrAPnIe_VzASyQl5cPMz-FWn-JkYkscOzj33_TfaWFfFfk9OMCgw0GsBT6oeRSF7Hrt2xQ&_nc_oc=AQn28MNZ7R50IxepUGlKMm-5CAeKtd856wv_NtaWgfWNYHqrVsd48peBo1D3clGyuJA&_nc_ht=scontent-sin2-2.xx&oh=b59c07626b2c99f0f98cb01ee08a6cc2&oe=5E630B15;HDPE Merah 40;Plastik Kresek Merah Ukuran 40;PLASTIK;Kresek;A0119;18000
;Standing Pouch 14x22;;PLASTIK;Standing Pouch;A0120;25000
;Standing Pouch 16x24;;PLASTIK;Standing Pouch;A0121;32000
;Mika Brownies Besar;;PLASTIK;Mika;A0122;3000
;Mika Brownies Sedang;;PLASTIK;Mika;A0123;2500
https://scontent-sin2-2.xx.fbcdn.net/v/t1.0-9/75111938_122889455789009_7296034269120430080_n.jpg?_nc_cat=102&_nc_eui2=AeGsTvg8gz6cHgKoi1IgmBC_ofHhnHLU4BMxjtt-Mch1tPQZ3T8vIrMbY-pCjmYLVoDXNGW1Z-VAaqNuUD83Ofr9pcpIK00L1sNuRvEI-e6nxw&_nc_oc=AQkguhU8GpT3Y0_ar3_Y-y3GR-WHDTsLHs7vFdSuQ7cOUxGRqsprnHSE6mLqw_lZzl4&_nc_ht=scontent-sin2-2.xx&oh=1c1d27674b79690e5f37276202b418cb&oe=5E5F081B;Gelas Plastik 10oz;Gelas Plastik Ukuran 10oz;PLASTIK;Perlengkapan Makan;A0124;9000
https://scontent-sin6-1.xx.fbcdn.net/v/t1.0-9/74343856_119243082820313_3901055521498595328_n.jpg?_nc_cat=105&_nc_eui2=AeHO5ZmcGlnPFoNu_zkWSFQQX5f09fcVVZ_mlSC7xZ13GGP9n6qOCQIsaZoPJKpP6EnHhB1pHwHjJ727y4iHTIyzDRTuVzM2nUcKYy072s9H4Q&_nc_oc=AQnySd3SkQ8E5RbBcspSfYPKLAV9BitR-QyJHNVHzyTF_Amw1HtYevGe1BctZ3jacYU&_nc_ht=scontent-sin6-1.xx&oh=33a7995d8c1235f354df7db79878c006&oe=5E63318E;Le Minerale 330mL;Le Minerale Botol 330ml;MINUMAN;Le Minerale;A0125;34000
https://scontent-sin6-1.xx.fbcdn.net/v/t1.0-9/73063390_119241326153822_3412271441301733376_n.jpg?_nc_cat=104&_nc_eui2=AeG6B7n7LrfqPbs94FrdEIOqlIDUsCr67V3M-yCCiaCHevKnPjfqg6t6B8g127Iaw0YJEdJUnI_QK32iMajosqrCw1Q7bl5Wz52syI2n2wo5Ww&_nc_oc=AQnSg1dmBGhK8WIn8IwfnqSI-OeMADOqcW3ClN5YAsN_nzKJFQFNrvU4rzV596iRx3E&_nc_ht=scontent-sin6-1.xx&oh=4647f767307709a5e5c310561278f32f&oe=5E28084E;Le Minerale 600mL;Le minerale Botol 600ml;MINUMAN;Le Minerale;A0126;42000
https://scontent-sin2-2.xx.fbcdn.net/v/t1.0-9/75576580_122868892457732_3474431012623089664_n.jpg?_nc_cat=101&_nc_eui2=AeE192YO6aQWLpoIbw_RvUWaa2d0kBmEqWa457npspkUsccGjKzMt0VzomKMpT8h8RDMTbpoxXvYf2A6bKAV76NCVMUi5hUVDjQTl4tTCiuufw&_nc_oc=AQm_7qr3ke9Q6vbYXhNwif148A74XvZSRT4v5kcKTC7_zuCQwpTGHAfQc6O38TRu3vU&_nc_ht=scontent-sin2-2.xx&oh=c70070cf57add458bbdbcaf779150b33&oe=5E2852C5;Tissue Gulung Nice;Tissue Gulung Nice;DAN LAIN LAIN;Tissue;A0127;4000
https://scontent-sin6-1.xx.fbcdn.net/v/t1.0-9/72681618_119274322817189_5171517451929649152_n.jpg?_nc_cat=103&_nc_eui2=AeHGjWNKSepzcaWx1Mp4zxv2JkxD2V5JGR1Zs53k5-8qR8O1feJWHCeOZf7Sqz_gsbw0oU7yU13zvQM_L19yIK1sGDXSaz16VDuHsl5vzwNi5A&_nc_oc=AQk1EqYzK2gqsFlz8hlPMfNRXl46cfq5IJApCiF2loAuTeYQ8dKZCVMAvVPILa1hb7U&_nc_ht=scontent-sin6-1.xx&oh=b423f5532b8d126b8ff69d48979ece67&oe=5E33B6F8;Teh Pucuk 350ml Satuan;Teh Pucuk Botol 350ml Satuan;MINUMAN;Teh;A0128;4000
https://scontent-sin2-2.xx.fbcdn.net/v/t1.0-9/72615348_122871169124171_2713323225353289728_n.jpg?_nc_cat=104&_nc_eui2=AeEyeimjDrm2tOOQ2S2eJhobmUQHuO3gwOEXfnxB13EqxpKTgzhFJBDqvayoAkkFg-rD-oNkAwROTn7LDk-7jw2lEh3Qs29MaLyCAAwuRhvnFw&_nc_oc=AQkk85EFWSulDtfLZWJ_cfgryXT51ZbSagP44M3oELqqQTN9K2tIIjraOwB17c7iIEY&_nc_ht=scontent-sin2-2.xx&oh=983caa9d8b776c726dd5d305fe6c8c67&oe=5E631BD7;Tissue Topik;Tissue Topik Makan;DAN LAIN LAIN;Tissue;A0129;4000
https://scontent-sin6-1.xx.fbcdn.net/v/t1.0-9/74677135_122301925847762_2021691932870180864_n.jpg?_nc_cat=104&_nc_eui2=AeGyieHyIxGmaHeQHRy0yDyVBk2_oo6aWsoeWYVVCw6fzQpWZRuKy4vPbFc2rmdKbWzABYIz-3CP3YH5OT-6zIqv2LWQ7gFzwdyE4n4A20NQeA&_nc_oc=AQmHKr91UMQVNU6zziMbi-VGPsnd1HmLCuDyll9r1pjVI6yK3FriR4tQHFukM0ou3Os&_nc_ht=scontent-sin6-1.xx&oh=704fa8aa22ca36bbd6132d692af05ded&oe=5E18A3DB;Paseo Kitchen Towel Single Roll;Tissue Paseo ;DAN LAIN LAIN;Tissue;A0130;13000
https://scontent-sin6-1.xx.fbcdn.net/v/t1.0-9/72286508_119239336154021_7323304262023249920_n.jpg?_nc_cat=100&_nc_eui2=AeHM5tOd8EdGVyuFbbG54sJAZAhjLSOLuOOGpVYJSD1XnyPDoOVlsdZSf5R0gtakF4G5Z2xJTywM0f0juJEp1skMOoRgC8pVKssXr902c1qKHQ&_nc_oc=AQl13lnuLgnfUW1rPovyBq_wP3YtwRywASGrdJ_jWN9sGc8mhxzMJzEqyntf8TbsbRo&_nc_ht=scontent-sin6-1.xx&oh=32679df2adfa3522bb48ce58f745f885&oe=5E1BA021;Le Minerale 1500mL;Le Minerale Botol 1500ml;MINUMAN;Le Minerale;A0131;48000
;Kertas KFC;Kertas KFC;DAN LAIN LAIN;;A0132;15000
https://scontent-sin2-2.xx.fbcdn.net/v/t1.0-9/73409196_122926245785330_3220300529317969920_n.jpg?_nc_cat=102&_nc_oc=AQnl9BKTWwWJ651K3JJzBzqw5eCOjOzlz0aOuMDinuuNtvaoFba-_tPut7aKwpU-NnE&_nc_ht=scontent-sin2-2.xx&oh=dcf3a966c0354489d9e91c4159cc7165&oe=5E1ADFF5;Plastik Klip 12x20;Plastik Klip Ukuran 12x20;PLASTIK;Plastik Klip;A0133;14000
https://scontent-sin2-2.xx.fbcdn.net/v/t1.0-9/75151371_122923955785559_3328097710162051072_n.jpg?_nc_cat=103&_nc_oc=AQkMOvA9gHD9_8QE0mYafSVnAkwSTBQM7mt54vYYWc002AHrX9UC-_sLlZNDKWV4h04&_nc_ht=scontent-sin2-2.xx&oh=963232810ecbdad3fb02f2b3cb10c344&oe=5E24DED9;Plastik Klip 4x6;Plastik Klip Ukuran 4x6;PLASTIK;Plastik Klip;A0134;2500
https://scontent-sin2-2.xx.fbcdn.net/v/t1.0-9/74522566_122923285785626_832829583584657408_n.jpg?_nc_cat=103&_nc_oc=AQneL3wQ9e1MkgKqo5cRjHaLvkpze3Sy6po3dkzLPan0be0y957sqo-sanuRKKhnwwU&_nc_ht=scontent-sin2-2.xx&oh=43ff8447903303a6e214580125c6b406&oe=5E294284;Plastik Klip 3x5;Plastik Klip Ukuran 3x5;PLASTIK;Plastik Klip;A0135;2000
https://scontent-sin2-2.xx.fbcdn.net/v/t1.0-9/75453617_122898769121411_9168402167772479488_n.jpg?_nc_cat=103&_nc_eui2=AeHC3PHSI55NpIMQeU6GkpLN3AG6n5VR_GefyMygG8t7eE7d8cxjLrMegXHlPX4M7q4qlmpMRJ_1e6Hc5wME6RkpU8oTKryQWshMa04HWFBLeA&_nc_oc=AQmK_A3UWgsV796UF56DkZV7P0lIPO9KcUcPQc3A0zwuTG2KM7FIG74DL9jLPwkyTxM&_nc_ht=scontent-sin2-2.xx&oh=e649065d201179ae63d5d2e6aa0f7e17&oe=5E260819;Karet Kuning;Karet 1,5kg;DAN LAIN LAIN;Karet;A0136;28000
https://scontent-sin2-2.xx.fbcdn.net/v/t1.0-9/72866441_122900145787940_6005156473640845312_n.jpg?_nc_cat=100&_nc_eui2=AeHtQTWyJ1My1pRy6-RDVE0yroNePMbaj6ZauzdSIV88hPBVSKbddmyVjd_DJG74UlYN8YHu-xmKaq1Xyucpg3CSCWZLTpaNwvohC03-1DYURQ&_nc_oc=AQk8mECVdHKefVOP2e351Rug6oLDKjUesJg5o7PzunNy2osj2qLWqafyngYecwcL8lk&_nc_ht=scontent-sin2-2.xx&oh=1873e1dcc501f1dda5dda9081780a48a&oe=5E2B5634;Karet Hijau;Karet 1,5kg;DAN LAIN LAIN;Karet;A0137;28000
;Karet Kuning Sakura;Karet Kuning Sakura;DAN LAIN LAIN;Karet;A0138;7000
https://scontent-sin2-2.xx.fbcdn.net/v/t1.0-9/72866441_122900145787940_6005156473640845312_n.jpg?_nc_cat=100&_nc_eui2=AeHtQTWyJ1My1pRy6-RDVE0yroNePMbaj6ZauzdSIV88hPBVSKbddmyVjd_DJG74UlYN8YHu-xmKaq1Xyucpg3CSCWZLTpaNwvohC03-1DYURQ&_nc_oc=AQk8mECVdHKefVOP2e351Rug6oLDKjUesJg5o7PzunNy2osj2qLWqafyngYecwcL8lk&_nc_ht=scontent-sin2-2.xx&oh=1873e1dcc501f1dda5dda9081780a48a&oe=5E2B5634;Karet Hijau;Karet Hijau;DAN LAIN LAIN;Karet;A0139;5000
;Aluminium Bulat Kecil (6cm);;ALUMINIUM;;A0140;750
;Aluminium Bulat Sedang (9cm);;ALUMINIUM;;A0141;800
;Mangkok Bulat 400mL Satuan;Mangkok Plastik Ukuran 400ml Satuan;PLASTIK;Perlengkapan Makan;A0142;2500
;Mangkok Bulat 200mL Satuan;Mangkok Plastik Bulat 200ml Satuan;PLASTIK;Perlengkapan Makan;A0143;1500
;Mika Bento;;PLASTIK;Mika;A0144;2000
;Tabung Kosong Blue Gaz;Tabung Gas Kosong;GAS;;A0145;270000
https://scontent-sin2-2.xx.fbcdn.net/v/t1.0-9/73158198_123500549061233_2282407107846209536_n.jpg?_nc_cat=107&_nc_oc=AQmCj7hvEs-627rCjHXwNHCD21drrhCNHS2EGvSsGFdTzw7_Ex9iUIzOefGR_f3eCPA&_nc_ht=scontent-sin2-2.xx&oh=5fc5116a85ce3e3e3313320befe3abd8&oe=5E17BE8C;HDPE Hitam 50;Plastik Kresek Hitam Ukuran 50;PLASTIK;Kresek;A0146;23000
;Aluminium Foil Total;;ALUMINIUM;;A0147;18000
;Regulator Blue Gaz;Regulator/Kepala Gas;GAS;;A0148;160000
;Selang Blue Gaz;Selang Gas;GAS;;A0149;80000
;Gelas Es Krim;Gelas Plastik Es Krim;PLASTIK;Perlengkapan Makan;A0150;7000
;Rafia Kecil;Tali Rafia;PLASTIK;Tali;A0151;2000
;Aluminium Foil Oval;;ALUMINIUM;;A0152;2500
;Aluminium Kotak Besar;;ALUMINIUM;;A0153;2500
https://scontent-sin6-1.xx.fbcdn.net/v/t1.0-9/73065108_122306639180624_7411372630852239360_n.jpg?_nc_cat=104&_nc_eui2=AeECmR3QSqz8MZ7cY6nPPeUwFnxcjZ4a_0V_K4Z8SjjGdNT9dfVESzTxps_Qj2aS9ZNjZvUUeWItKHJXdDyfdcJJ0ubbepX-_li5CK-tbDxPcA&_nc_oc=AQkHLfLTpgLsBpD7YYSS7dVHVOD0N37vcvpmlWX9BFzLN2fnLHzz-yH_EjWsPNXT4dY&_nc_ht=scontent-sin6-1.xx&oh=bb85edce4da29642da5591a947aee342&oe=5E5D2B08;Paseo Basah Baby;Tisu Paseo Basah Baby;DAN LAIN LAIN;Tissue;A0154;16000
;Paseo Smart Travel;Tissue Paseo Smart Travel;DAN LAIN LAIN;Tissue;A0155;2000
;Pisau Kue;Pisau Kue;RUMAH TANGGA;;A0156;2500
https://scontent-sin2-2.xx.fbcdn.net/v/t1.0-9/74703539_122904752454146_9180921576533524480_n.jpg?_nc_cat=100&_nc_eui2=AeFz5p6IGkx3M9cbXqZEdka4Rpa1p8dZfLA5Bn7qfUHh1vApLex0SIxo7iRWjEibrQ5cyVKMf2ysTc5pBep5EMnRIFiQ-F4Nh0v4SWhb_w3sAg&_nc_oc=AQnDlAqiUh4_b2G33wHFirO5Hh88vQnaMsaG1VEF55T6RNVW0mk9JRc8MmdYAoJPVUU&_nc_ht=scontent-sin2-2.xx&oh=fcf68684fc2de8124faedb1b2373834e&oe=5E5B33ED;Lilin Ulang Tahun;Lilin Untuk Ulang Tahun;DAN LAIN LAIN;Lilin;A0157;2500
https://scontent-sin2-2.xx.fbcdn.net/v/t1.0-9/74792100_122877542456867_520155741097558016_n.jpg?_nc_cat=111&_nc_eui2=AeHnLqjWVtpIwuGAxNZB4HhXTJrRIjwc31kx4SJCPtEK-xW_oHL4bGt6LzaUW3Mbwt8Z9AqupJrYlzB-7QIpxOIxBxjvUg6eYb4QHnKxMRFYiQ&_nc_oc=AQkY_8ebaY8qoI8Tgm_BoOLDwJskz3hEPZeXEjKhjTJs1Y2xBZkzLJqCJgkSBo-h6dg&_nc_ht=scontent-sin2-2.xx&oh=825fb780ae7338c91ba286015e899039&oe=5E17B495;Beras Jeruk Garut 20 kg;Beras Jeruk 20kg;RUMAH TANGGA;Sembako;A0158;275000
https://scontent-sin2-2.xx.fbcdn.net/v/t1.0-9/72781735_122906119120676_5125343199128190976_n.jpg?_nc_cat=109&_nc_eui2=AeExUge0rvpzUyW42Js3jzx2LBqbcDoSi3hP7Cc1NZpUHy4jVIMHxRh_ekHZLf9bsGjoDyASuZ7tRz0o5qHnaajoKb83-yyIeS9KoP2mYEr8oQ&_nc_oc=AQkO-uidzmi5ng9Liz-v9SEDdIntdWQIMoiL7VQVEnXVfPqhznJCwdBED72j7fkipg0&_nc_ht=scontent-sin2-2.xx&oh=8274371fa9f8c6709f61994a39169195&oe=5E1D1317;Minyak Tropical 2 Ltr;Minyak Tropical 2lt;RUMAH TANGGA;Sembako;A0159;24000
;Mangkok Bulat 300mL;Mangkok Plastik Ukuran 300ml;PLASTIK;Perlengkapan Makan;A0160;1400
;Gretel Box 22�?22 Satuan;;DAN LAIN LAIN;;A0161;1200
;Kertas Nasi Bulat 25cm;Kertas Nasi 25cm;DAN LAIN LAIN;;A0162;19000
https://scontent-sin2-2.xx.fbcdn.net/v/t1.0-9/75048703_122919425786012_6720219673171853312_n.jpg?_nc_cat=109&_nc_oc=AQktQKaQ-wgSnPVWmDJcD_YlU0WAWni4RNyATk-tsdx6p1LSQxp1Tb87EWCwdaLQfS0&_nc_ht=scontent-sin2-2.xx&oh=7b96f494027ee728d4b5bf26fd50ce04&oe=5E64650B;Bangkuang 4x23;Plastik Bangkuang 4x23;PLASTIK;Plastik Bangkuang;A0163;7500
;Plastik PP 23x40;Plastik Kantong Kiloan;PLASTIK;Kantong Kiloan;A0164;8000
https://scontent-sin6-1.xx.fbcdn.net/v/t1.0-9/73341405_119265662818055_6616625328280305664_n.jpg?_nc_cat=101&_nc_eui2=AeHDuE-_vD2BJTAnfKKG_QFFCzb0MhQd_Pi_ncq8UdKm7pkBli_iYU-tGfd8RaFq_vLKm6yVfGEnoGKFBSCexbRU_0dQusnaJQZnA6TWCkrd4w&_nc_oc=AQnaZQWQ-54TqfQpiUtdcNGpGOYYbVYy-vagQ-0qnLSV-nGSNKfKv8jyviSVGqi32-A&_nc_ht=scontent-sin6-1.xx&oh=2da6511f720a83e2fda406d5adb65da1&oe=5E310913;Cleo Gelas 250mL;Cleo Gelas 250ml;MINUMAN;Cleo;A0165;22000
https://scontent-sin6-1.xx.fbcdn.net/v/t1.0-9/72366616_119261409485147_967511550304714752_n.jpg?_nc_cat=104&_nc_eui2=AeE5mBKG6RdfRgoFsDaOROtOLuPKqcIxMobum2rF8j-tFW1JxNiqZCAoba3_uteGA3z9EdpDkzurSX4rbYBGOIC-l0-X9HXjmE9wAZEcS_NOrA&_nc_oc=AQmLlueRlHtHXQzOO_Qr_MQk5F0gsCz3Uso_9i4GxpAUHZ-Zhl6CIYSMbdVuQXn_Co4&_nc_ht=scontent-sin6-1.xx&oh=c96ff10d72dfcdfa5dbfed450b156f00&oe=5E2D8503;Cleo 550mL;Cleo Botol 550ml;MINUMAN;Cleo;A0166;34000
https://scontent-sin6-1.xx.fbcdn.net/v/t1.0-9/73067825_119272356150719_8384530504078065664_n.jpg?_nc_cat=110&_nc_eui2=AeHDTRtko9loQ2A-bjrU4v7CFhflm7R6VfHavK3-W2WR5yugMeO2wVSUAwh5ixAEAkEAGF2JjT6V64SS_RaBo_U9B5wHKlx8hRjRp-5VnJQO9w&_nc_oc=AQnh9wlDfYwtvMycRCuqAM8kkzchj2pjWZMeF0fwAe_NlLiK4q-2g8ZRsMahxHmR_gQ&_nc_ht=scontent-sin6-1.xx&oh=77ba34e6e31a8d1aabdd620cda3f7386&oe=5E61E306;Nestle 330ml;Nestle Botol 330ml;MINUMAN;Nestle;A0167;38000
;Gretel Box 12x12 Satuan;;DAN LAIN LAIN;;A0168;700
;Gretel Box 12x14 Satuan;;DAN LAIN LAIN;;A0169;800
;Gretel Box 12x16 Satuan;;DAN LAIN LAIN;;A0170;600
;Mika Semi Jumbo;;PLASTIK;Mika;A0171;2000
https://scontent-sin2-2.xx.fbcdn.net/v/t1.0-9/74788562_122907019120586_564777835667914752_n.jpg?_nc_cat=100&_nc_eui2=AeEvDQQJYFcNaGbShGxFfOuuPwli1IF_ebGol5wIzPafMgh8xyaqqJ55FJZOyfygIQknPHs2CuzojqwlUE-_Js8Mh4Q0d9JemAQjt9OT7Yoe0g&_nc_oc=AQmyC9u4_kGagSLwH5XqyOZem9V1RuCEMdUUSTA21LVVpCvLeAqeLTKsrFKAb7H5m7A&_nc_ht=scontent-sin2-2.xx&oh=4c73b72b9bf14961edb10f33e843227e&oe=5E1E4030;Nice Kiloan 900gr;Tisu Nice Kiloan 900gr;DAN LAIN LAIN;Tissue;A0172;31000
https://scontent-sin6-1.xx.fbcdn.net/v/t1.0-9/72961244_119270942817527_3782717017736347648_n.jpg?_nc_cat=110&_nc_eui2=AeEOasNcaaqwKYOb4NAtDICuvSocM_HizXQV2_WHl8TVjJraJ4vnl_kkVGiFpWWTLgP5cL6mHioH-uDht_vOAhhqNsSYT00thMPLDspwb09JzA&_nc_oc=AQko-W759ZS9H1di4AHJS9JrDFq2EL7nm1YNQe23owKSZmOnv4CBC1PrIkOWm4owOCY&_nc_ht=scontent-sin6-1.xx&oh=6c4d032a5ad7f2ffa486ba3def0d65c1&oe=5E261A0C;Nestle 600ml;Nestle Botol 600ml;MINUMAN;Nestle;A0173;47000
;Sedotan Higienis;Sedotan Plastik ;PLASTIK;Perlengkapan Makan;A0174;10000
;Kartu Undangan;Kartu Undangan;ALAT TULIS;;A0175;2000
;Toples Jar 1L;Toples Jar 1L;PLASTIK;Perlengkapan Makan;A0176;6000
;Air Isi Ulang;Isi Ulang Air;GALON;;A0177;6000
https://scontent-sin2-2.xx.fbcdn.net/v/t1.0-9/73127233_122917975786157_4865450420195033088_n.jpg?_nc_cat=109&_nc_oc=AQnyw23NvnMVnktUP6lKqM5EBtr_Pk0H3bbqYatLypKddARmhhhl4q2qLMSKybh0kc8&_nc_ht=scontent-sin2-2.xx&oh=896bfe668a613432971783301141d419&oe=5E1839EF;Isi Cutter;Isi Cutter ;ALAT TULIS;Isi Cutter;A0178;7000
https://scontent-sin2-2.xx.fbcdn.net/v/t1.0-9/73062375_122887682455853_5098706610822316032_n.jpg?_nc_cat=107&_nc_eui2=AeFUcmv9DspHdjTmH8kltBva9e47mHpGf9n5-DA5CRB-elu9PPenlWPpLhpPQAXHbJEx7oUqBtNPnBCXQ67CzAaUg9sE8G1GOYF7nsvxKNJv3A&_nc_oc=AQlA2XASuRsD3IgRwzqdOEvThn_3YY4mPE1keJastc0Mf_fx911fwAMqs2vlk69TA5w&_nc_ht=scontent-sin2-2.xx&oh=1db7df0ddcbb458e0184024c00919f42&oe=5E5B51AE;Nota Kontan;Nota Kontan;ALAT TULIS;Nota;A0179;4000
https://scontent-sin2-2.xx.fbcdn.net/v/t1.0-9/73446316_123515405726414_8334039680295108608_n.jpg?_nc_cat=109&_nc_eui2=AeEmV1JInnOctFZQk4CPJfDbyHoo0goJSBSZTeLPmHvpKJYwdKJvVMQuqt4Nr7_ZN6pFg-6uHWMqH86oqC1CpXoey7pirYE-UxUAut9PArOfDw&_nc_oc=AQkhrD-UdNoxH1zxQKQjgFOC4jh7mMjnseu6w-G1Zdn6lK2rzLf6HTt8ER5Fp7XXMxA&_nc_ht=scontent-sin2-2.xx&oh=e34644e7c0a16d61ef0b099930b568e9&oe=5E64D560;HDPE Merah 50;Plastik Kresek Merah Ukuran 50;PLASTIK;Kresek;A0180;35000
;Mika Nampan;;PLASTIK;Mika;A0181;6000
;Toples Uhuy 400ml;Toples Uhuy 400ml;PLASTIK;Perlengkapan Makan;A0182;3500
;Toples Apel 400ml;Toples Apel 400ml;PLASTIK;Perlengkapan Makan;A0183;3500
https://scontent-sin2-2.xx.fbcdn.net/v/t1.0-9/75402099_122874619123826_3438592066043510784_n.jpg?_nc_cat=103&_nc_eui2=AeHn_aN6ktHHYdNyJ01I85qmnrcexrApm0KPSpppkbpcyVeAxeXRFdDFgAxYw_V_f3AkdmQ1lce6fSoxt0kCLE3qN_7XUdNOwjRETgLam8uBog&_nc_oc=AQlRpMvYokm8ODjAYutlMWw03Clwftj_DNl9NHFha64s_1qlRNAaLXbAi6_SFLi4nyw&_nc_ht=scontent-sin2-2.xx&oh=57b3384da62540dffb7c3720e08023aa&oe=5E2F1E52;Trash Bag 60x100;Plastik Sampah Ukuran 60x100;PLASTIK;Plastik Sampah;A0184;16000
https://scontent-sin2-2.xx.fbcdn.net/v/t1.0-9/74617632_122875455790409_4325862335789924352_n.jpg?_nc_cat=104&_nc_eui2=AeGBqZz0CZIZ4teQ407wqJo2IZD22id-ezOiVqdUU8yC2LBa1YiEptuLj93aRUOOkC-o7WOjxwr10cjfGorqbxlxuOFPLPWeRbL7Ea_q6L6kKg&_nc_oc=AQkyPeNa_p5U4yhhrfQyV8K98en2g-OYinpnpQoWzxv8ewgtTMPGn4TMk0xGf-grNA8&_nc_ht=scontent-sin2-2.xx&oh=8d248fe3dee5b19c87cfe8cc2ce851b9&oe=5E219C12;Trash Bag 90x120 (Isi 6);Plastik Sampah Ukuran 90x120 Isi 6;PLASTIK;Plastik Sampah;A0185;16000
https://scontent-sin2-2.xx.fbcdn.net/v/t1.0-9/74403613_122884175789537_280694813081206784_n.jpg?_nc_cat=110&_nc_eui2=AeHPQobemFyUk1Z5dqnyOTMDlHFifw6bqX4-alsIqM4me5Zei3tCSWxSRJeA1TbJunuAXobwve9FMEhVGHBSdCBDnQQ0kDGlQB_3nKU0hZjApQ&_nc_oc=AQmwmFE-d0VaOOza8V6h4C5d23rDrCyXV-rC0ULB8wiVyt7KaosTt1IhepvcLcQL4y8&_nc_ht=scontent-sin2-2.xx&oh=294bcdcf310c2e0a86b4d85de7be73fd&oe=5E28C155;Agar Swallow;Agar Swallow;RUMAH TANGGA;Sembako;A0186;35000
https://scontent-sin2-2.xx.fbcdn.net/v/t1.0-9/73399945_122884499122838_8746336341479915520_n.jpg?_nc_cat=105&_nc_eui2=AeFqOapjkiPpHYq35zDllkxckY11AfYylsRX_FutxpoG2Nev8qxtx4J7goIGqBiGzyjuCHgjo_vZOUicDYNBlhC_UHGWLwbDd4KSKSeEVfzKKg&_nc_oc=AQlaOs5qt0YQ9sDCSuHlvSCGBISV7LfYxRUYNWBsC6P7s97KjE3E-lNmMVEPAjJYarU&_nc_ht=scontent-sin2-2.xx&oh=a420be330f98b62cb36b63972356ce77&oe=5E22DBDF;Agar Swallow Satuan (Hijau);Agar Swallow Hijau Satuan;RUMAH TANGGA;Sembako;A0187;4000
;Gretel Box 12x12;;DAN LAIN LAIN;;A0188;45000
;Gretel Box 12x14;;DAN LAIN LAIN;;A0189;50000
;Gretel Box 12x16;;DAN LAIN LAIN;;A0190;52000
;Gretel Box 18x18 Satuan;;DAN LAIN LAIN;;A0191;1000
;Gretel Box 22x22;;DAN LAIN LAIN;;A0192;46000
;Gretel Box 25x25;;DAN LAIN LAIN;;A0193;75000
;Piring BSM Kecil Satuan;Piring Plastik BSM Kecil Satuan;PLASTIK;Perlengkapan Makan;A0194;400
;Piring BSM Tanggung Satuan;Piring Plastik BSM Tanggung Satuan;PLASTIK;Perlengkapan Makan;A0195;600
;Piring BSM Besar Satuan;Piring Plastik BSM Besar Satuan;PLASTIK;Perlengkapan Makan;A0196;800
;Mangkok BSM M5 Satuan;Mangkok Plastik BSm M5;PLASTIK;Perlengkapan Makan;A0197;400
;Segitiga Biru Biasa;Tepung Segitiga Biru Biasa;RUMAH TANGGA;;A0198;11000
https://scontent-sin2-2.xx.fbcdn.net/v/t1.0-9/75308457_122878275790127_5930064218920321024_n.jpg?_nc_cat=100&_nc_eui2=AeGsxgGb7duBquAxLu8n2qfKxOf90JVhPLc_qDCHWupmxLGpUwOHOHlFQSpbWf5QO5UxqoynbiYBK7pmNbuIU1OKVRJBe0NwQ7ix3PZKESFSXA&_nc_oc=AQnmRIbeuA3GqCqN25-V6o4Lm1FQkJpXNfL6P5ylLaMNm8eT4cf0s1jhqJhY_14-WEU&_nc_ht=scontent-sin2-2.xx&oh=bab82dbbef755e9f315af16fbdecbf71&oe=5E198F6C;Beras Jeruk Garut 5 kg;Beras Jeruk 5Kg;RUMAH TANGGA;Sembako;A0199;76000
;Gelas Puding (60mL);Gelas Puding Plastik 60ml;PLASTIK;Perlengkapan Makan;A0200;5000
;Tutup Gelas Kertas;Tutup Gelas Kertas;PLASTIK;;A0201;16000
https://scontent-sin2-2.xx.fbcdn.net/v/t1.0-9/74334089_122946425783312_5875762530785165312_n.jpg?_nc_cat=104&_nc_oc=AQmg--8CV9SxZagf2-vLF5zrLKziXk9WkKAHeGw7g9LtvjhSg-LBqZTTasDezrFFu9w&_nc_ht=scontent-sin2-2.xx&oh=6f7fddd7c9d36644aa320ced0c234039&oe=5E2B82F5;Anti Panas Obor 12x25;Plastik Obor Anti Panas ;PLASTIK;Plastik Obor;A0202;9000
https://scontent-sin2-2.xx.fbcdn.net/v/t1.0-9/74477113_122910949120193_2184137117947396096_n.jpg?_nc_cat=100&_nc_oc=AQm6CjInvI3drlYx-21SBAfKqYR6aOpChCfnUzPF55qaJVZZ_HZcBgIDwC0UphFu6-A&_nc_ht=scontent-sin2-2.xx&oh=9d32dea4713ca8acac78af901dc69a5b&oe=5E2528E9;Plastik 222 10x20;Plastik 222 Ukuran 10x20;PLASTIK;Plastik 222;A0203;7000
;Plakban Coklat;;PLASTIK;;A0204;9000
https://scontent-sin2-2.xx.fbcdn.net/v/t1.0-9/72830149_122949132449708_4635130277801230336_n.jpg?_nc_cat=104&_nc_oc=AQkE6bNBvn_va99OSo2P7huPB0tB_b-pG3h8GEa2lsSwPPhHV-eIKkv0mMEyNLZKc-A&_nc_ht=scontent-sin2-2.xx&oh=f627e4f24889f19a8a1968eaf3c89036&oe=5E28B504;Anti Panas Obor 15x30;Plastik Obor Anti Panas;PLASTIK;Plastik Obor;A0205;9000
https://scontent-sin6-1.xx.fbcdn.net/v/t1.0-9/72731475_119280576149897_1770045963591745536_n.jpg?_nc_cat=110&_nc_eui2=AeFGYdC7fM2HM7BFej9X5xfIeyj8ghbaz6NoumtIkSnmLeKE-YO0ed-dkwh4m4aEQPcNQ3mRbAAaJqQBjy0jmDywcAeSeFicEwqGFA0-uHGdjQ&_nc_oc=AQmdXHZ32OwCYM7ryQXMXf2-G1-LiwmYwz2v3z-XJjgBZyPK857niNdO9kf3KGNabek&_nc_ht=scontent-sin6-1.xx&oh=9447d8a64addcb3ac8a2415adf059fc0&oe=5E2D93A3;Teh Bandulan;Teh Bandulan;MINUMAN;Teh;A0206;23000
https://scontent-sin2-2.xx.fbcdn.net/v/t1.0-9/72853490_122912895786665_510771301980307456_n.jpg?_nc_cat=102&_nc_oc=AQn9EUhfCxvYTuit7sGj7Yy1K51hTDpaj3-hE6pebd1f4YC7AImg8GND5UNWsqxLdQk&_nc_ht=scontent-sin2-2.xx&oh=cecd90ffaa48b3f35db4fbf74f481d8b&oe=5E188E6E;Plastik 222 15x30;Plastik 222 Ukuran 15x30;PLASTIK;Plastik 222;A0207;7000
https://scontent-sin2-2.xx.fbcdn.net/v/t1.0-9/73199901_122950632449558_7741365331960004608_n.jpg?_nc_cat=108&_nc_oc=AQnEx_cPuCZ5Ja6YBapvqgCEBkpGAuh_YL4g6q6FahEa9WBL5eDv7t7bDjDs6iiuDZw&_nc_ht=scontent-sin2-2.xx&oh=d03030fe398b257c57904daa4894866f&oe=5E219B8F;Anti Panas Obor 20x35;Plastik Obor Anti Panas 20x35;PLASTIK;Plastik Obor;A0208;9000
https://scontent-sin6-1.xx.fbcdn.net/v/t1.0-9/72970452_122306069180681_6135547385780109312_n.jpg?_nc_cat=103&_nc_eui2=AeGWRNBiPstpZkKcPmAi576PzBxgee1yXeckudqXfWzsP-naA0Qxufjeos6jGhpeK2cSGv1T78pPam6F_Sfp01MOT9J_J7XMzMf6fyCX38-G4w&_nc_oc=AQmlLQk88_NQgzazWNV80oLwwL10CYPCxLES7rY-gGE-f4rVETjxSlizpPIdyFOIclE&_nc_ht=scontent-sin6-1.xx&oh=96185c7d2a9f60e0c30b42c917bc4b6d&oe=5E2032E0;Paseo Facial Box;Tisu Pase Facial Box;DAN LAIN LAIN;Tissue;A0209;7500
https://scontent-sin2-2.xx.fbcdn.net/v/t1.0-9/72956276_122879522456669_3861602381414268928_n.jpg?_nc_cat=101&_nc_eui2=AeG5mMdiNbmtDiBjTpqludLyE9nt4dxi73d0h0ia06AqW7yknI_mM1bv_DkdofBACzs5yfoIQmNxdTYOVUrv2wBUsBkFcDgtjOOTOXOHdSjkaA&_nc_oc=AQnjVljwMXrzCKf1ouuuzoB6tgXiNyqdNTqkp-wPjoB_g8FcIrkuPBihCSaQlNy0RFc&_nc_ht=scontent-sin2-2.xx&oh=35041e69d22c36e83150002dfa23828a&oe=5E273369;Beras Jeruk Garut 10 kg;Beras Jeruk 10kg;RUMAH TANGGA;Sembako;A0210;148000
;Sendok Besar Bening;Sendok Plastik Besar Bening;PLASTIK;Perlengkapan Makan;A0211;7000
https://scontent-sin2-2.xx.fbcdn.net/v/t1.0-9/75356916_122941342450487_8093517702083117056_n.jpg?_nc_cat=106&_nc_oc=AQm1vZxwE_G4sZU6JIkoP0eXiIOQO2O_Afz3U6-pAwUkwpIbRLrVBVfqKS-a9JOxL1A&_nc_ht=scontent-sin2-2.xx&oh=84b32c59a1c77ae87b6effcb72c7f817&oe=5E1ACAB0;Kyubi Hitam 24;Plastik Kyubi Hitam Ukuran 24;PLASTIK;Plastik Kyubi;A0212;6000
;Tutup Gelas Cembung;Tutup Gelas Cembung;PLASTIK;;A0213;4500
;Tali Tambang 4mm;Tali Tambang 4mm;DAN LAIN LAIN;;A0214;5000
;Toples Biggy 250;Toples Biggy 250;PLASTIK;Perlengkapan Makan;A0215;3500
;Sheet Plastik 15x15;Plastik Sheet 15x15;PLASTIK;;A0216;8000
https://scontent-sin2-2.xx.fbcdn.net/v/t1.0-9/72888483_122986455779309_3803215496480817152_n.jpg?_nc_cat=108&_nc_oc=AQkeWINhh32vdYPsmpy8SR86WwkDTXmNsplFQP-7TKBocjWgXB5JYZVToo88tMFawv8&_nc_ht=scontent-sin2-2.xx&oh=b436dd2c85298a5c917d1bc85699dc32&oe=5E28F67D;Milo Coklat 1 kg;Milo 1 Kg;MINUMAN;Sembako;A0217;80000
;Segitiga Biru Premium;Tepung Segitiga Biru Premium;RUMAH TANGGA;Sembako;A0218;11000
;Vanillie Sachet;Vanillie Sachet;RUMAH TANGGA;Sembako;A0219;200
https://scontent-sin2-2.xx.fbcdn.net/v/t1.0-9/73038067_122910389120249_802592004503502848_n.jpg?_nc_cat=108&_nc_oc=AQltP7PWIdpQxmjX7UPDlpbtGQWFgfY0jw2G1br2Ms7BOsQ81ECCHjQJfgbcJws_r7o&_nc_ht=scontent-sin2-2.xx&oh=c0f4e6a8cd57656190306f77d3c9df0b&oe=5E64F90D;Gula Tabur Claris;Gula Tabur;RUMAH TANGGA;Sembako;A0220;6000
;Koepoe Baking Powder;Koepoe Baking Powder;RUMAH TANGGA;Sembako;A0221;5000
;Gretel Box 20x20;;DAN LAIN LAIN;;A0222;96000
;Gretel Box 20x20 Satuan;;DAN LAIN LAIN;;A0223;1200
;Mika Sekat 20x20;;PLASTIK;Mika;A0224;12000
;Mika Sekat 20x20 Satuan;;PLASTIK;Mika;A0225;250
;Plastik Parcel Motif;;PLASTIK;;A0226;7500
;Gretel Box 18x18;;DAN LAIN LAIN;;A0227;90000
https://scontent-sin2-2.xx.fbcdn.net/v/t1.0-9/73388428_122918812452740_4503833887771721728_n.jpg?_nc_cat=102&_nc_oc=AQlpTf_tOGYlFTKsuxdNILdwgOhDwS-sr_rfY2eawZc2ptKqrIVrqiSrqH-_5Z6vMpg&_nc_ht=scontent-sin2-2.xx&oh=d5713d6fb0fc9b7c1175249311b76936&oe=5E234695;Bangkuang 4,5x23;Plastik Bangkuang 4,5x23;PLASTIK;Plastik Bangkuang;A0228;7500
;Mangkok Bulat 450ml;Mangkok Plastik 450ml;PLASTIK;Perlengkapan Makan;A0229;1500
;Tepung Bola Salju;Tepung Bola Salju;RUMAH TANGGA;Sembako;A0230;8000
;Handle Polkadot 23x25;Handle Polkadot 23x25;PLASTIK;;A0231;16000
;Handle Polkadot 30x32;Handle Polkadot 30x32;PLASTIK;;A0232;21000
;Handle Polkadot 35x38;Handle Polkadot 35x38;PLASTIK;;A0233;28000
;Mika 2A;;PLASTIK;Mika;A0234;26000
;Mika 2A Satuan;;PLASTIK;Mika;A0235;700
;Total Plastic Wrap 300x30;Plastik Wrap;PLASTIK;Wrap;A0236;18000
;Total Plastic Wrap 380x15;Plastik Wrap;PLASTIK;Wrap;A0237;23000
;Mangkok Mika 400mL;Mangkok Plastik 400ml;PLASTIK;Perlengkapan Makan;A0238;50000
;Mangkok Mika 400mL Satuan;Mangkok Plastik 400ml Satuan;PLASTIK;Perlengkapan Makan;A0239;1200
;Koepoe Hijau Tua;Koepoe Hijau Tua;RUMAH TANGGA;;A0240;5000
;Koepoe Merah Cabe;Koepoe Merah Cabe;RUMAH TANGGA;;A0241;5000
;Koepoe Merah Rose;Koepoe Merah Rose;RUMAH TANGGA;;A0242;6000
;Koepoe Biru;Koepoe Biru;RUMAH TANGGA;;A0243;5000
;Koepoe Kuning Tua;Koepoe Kuning Tua;RUMAH TANGGA;;A0244;5000
;Koepoe Hijau Muda;Koepoe Hijau Muda;RUMAH TANGGA;;A0245;5000
;Koepoe Coklat;Koepoe Coklat;RUMAH TANGGA;;A0246;5000
;TBM Koepoe Kecil;TBM Koepoe Kecil;RUMAH TANGGA;;A0247;7000
;SP Koepoe Kecil;SP Koepoe Kecil;RUMAH TANGGA;;A0248;7000
https://scontent-sin2-2.xx.fbcdn.net/v/t1.0-9/73403977_122886559122632_6053901745405296640_o.jpg?_nc_cat=110&_nc_eui2=AeHU6EXWlfriCZamOlS_GlRlTk37IX7wis0eAVxDWZIUuJovFNPvrSCbSBcrL73BW0eYmfn_pXQLwGpyQhYAwYWZjuQuNFdTPB_SXgFgC0vakg&_nc_oc=AQk4RcUIegO1BYYNd7InenjMhm5BX0fJfSkJBCYlVvS-NPWPI86vQLZFo5TKrxXrZ3E&_nc_ht=scontent-sin2-2.xx&oh=189acbbfddd1621097d677999363f312&oe=5E1F7C29;NutriJell Buah;Agar Nutrijell Buah;RUMAH TANGGA;Sembako;A0249;20000
https://scontent-sin2-2.xx.fbcdn.net/v/t1.0-9/75223709_122886055789349_3883114794563141632_n.jpg?_nc_cat=111&_nc_eui2=AeGPNuVupSE4jmuYHYS2-ml2CnE9oTu9uMNw3GRArVA7QXF8pBajqruw73oz9HbqQNlyHYL_dIvYDKNpAnTuYWz3KeIwztAoEKcJVcaf9jmYjg&_nc_oc=AQmcK9ZuxT3n6_cRC8NYx-eo8H35bxm8XDrsoBqZUyr7lwVJyoSAPsZTMzX5BPhr3HU&_nc_ht=scontent-sin2-2.xx&oh=6429e8ae9ae99fff785c82908dbd5c45&oe=5E19C812;NutriJell Coklat;Agar Nutrijell Coklat;RUMAH TANGGA;Sembako;A0250;70000
;Sedotan Tiger Putih;Sedotan Plastik Putih;RUMAH TANGGA;;A0251;17000
https://scontent-sin2-2.xx.fbcdn.net/v/t1.0-9/74482458_122886755789279_1450408913965940736_o.jpg?_nc_cat=105&_nc_eui2=AeHPU8Y2YnBs9ozmX9-zjqTpAgVSonf9wAzbl5S3I-cGUglLoiPzPPLboZ5ZdYWRZ8SQiFoHOGCQtSOx839Dp4si6w_ejaqp3-Uja01Y2B5L1A&_nc_oc=AQlfGuZ4H_LZQgMzBT6-7mdezhNQRFzVY31dw36UOJK958dQrRTzmd60Cbgo_sPp9eU&_nc_ht=scontent-sin2-2.xx&oh=60f6dee35c0d442950bc7c095dbefcc5&oe=5E2CA7E4;Nutrijell Buah Satuan;Agar Nutrijell Buah Satuan;RUMAH TANGGA;Sembako;A0252;2000
https://scontent-sin2-2.xx.fbcdn.net/v/t1.0-9/74587940_122886402455981_5409912893049143296_n.jpg?_nc_cat=111&_nc_eui2=AeGHD8lBP3HFUwNyKhpTMYp5HhlhMNb8YNem6cOc7vA-nytIYaoos8A4Pcky-yndIH1ObT_fktj9qQHBYVKHXZe4hergEpvm5HDoNQXMzpgktA&_nc_oc=AQn3gPLBy38iYKuUQ71f9FyJ0QAOp40pCNHk7CoH2xX06PjGu29P2edXhpWhEtp8BCA&_nc_ht=scontent-sin2-2.xx&oh=813fbf492596fb281787576c8ecfbd23&oe=5E611004;Nutrijell Coklat Satuan;Agar Nutrijell Coklat Satuan;RUMAH TANGGA;Sembako;A0253;6500
https://scontent-sin6-1.xx.fbcdn.net/v/t1.0-9/73078931_119257142818907_2297424405162098688_n.jpg?_nc_cat=101&_nc_eui2=AeHhZ-DoWkscCSHf0b2f2eGLDh-OpxLcgrmCmQ7K-krOBmo4UxJ2QkrWEVQjJCe2ghr_K7MDCddJt_bH1UvCWRSP7DpRl9kAkVE7wvGKIbJdLA&_nc_oc=AQm4Q4E30KvX5XO2FiIfVRQu9_yGv6qI8P1UqQ2rokVmcTmp15Y03GT5VXicfUv5AEU&_nc_ht=scontent-sin6-1.xx&oh=39e58f36f1273d8441b240578886edaf&oe=5E1E7A5F;Cleo Galon 19L;Cleo Galon Isi 19lt;MINUMAN;Cleo;A0254;18000
;Plakban Kecil Soksi;;PLASTIK;;A0255;5000
https://scontent-sin6-1.xx.fbcdn.net/v/t1.0-9/72419930_119269362817685_857228953490817024_n.jpg?_nc_cat=109&_nc_eui2=AeHvt5Hl_KXrV_5rBbKgLlgUotQGZjwA_7kR2uKRonhG5NH8frt7V6m9_-FW8vTNaxEc8UF3WLVwU4R6Mf7YXky2rr15LrhEBJfL0gbIOq2WUA&_nc_oc=AQnFd1Fxa-cZj-X6RqAnGsaCElq6exZHtA4i1iIyeCQX1L6zIRqL5JzU8_90v0bgOuU&_nc_ht=scontent-sin6-1.xx&oh=e3916354fcbd08c098a0f7e760f63c81&oe=5E1EE0AE;Nestle 1500ml;Nestle Botol 1500ml;MINUMAN;Nestle;A0256;49000
https://scontent-sin2-2.xx.fbcdn.net/v/t1.0-9/72664782_122942772450344_3397650024006418432_n.jpg?_nc_cat=110&_nc_oc=AQkmM5lrkQfVyvtJn7Zgjwon0_cpfdqChQbUV4C75Rbv_E_WqL08MgZkRpPT9lJuAQY&_nc_ht=scontent-sin2-2.xx&oh=d4b1ecb97a86ce5df95d79ca4a7a0e71&oe=5E5CD8C3;Kyubi Merah 24;Plastik Kyubi Merah Ukuran 24;PLASTIK;Plastik Kyubi;A0257;12000
https://scontent-sin6-1.xx.fbcdn.net/v/t1.0-9/72335999_119263856151569_7679701305375326208_n.jpg?_nc_cat=101&_nc_eui2=AeHBJSM0EFgaUXE9Y7GHnG1XZEwQt6ZV-wg2zVM_Lv6UCy1EaTMHcoFcLtlUPIhzrc9IB6ZkCAcCpbEF3dMXH2fbPWc85IPbEvPe0kvl6BsF-w&_nc_oc=AQkL8-CYZhNj0_kFCoNnkXBowt9wb5qyEvFMsJH-xAF6e-2VwpZAYHfRxVBcEzj26iM&_nc_ht=scontent-sin6-1.xx&oh=7dd9b88892c0d204e2a5be6ec401e6c5&oe=5E5E0F32;Cleo 330mL;Cleo Botol 330ml;KEMASAN;Galon;A0258;30000
;Sedotan Tiger Pink;Sedotan Plastik Pink;PLASTIK;Perlengkapan Makan;A0259;17000
;Sedotan Tiger Merah;Sedotan Plastik Merah;PLASTIK;Perlengkapan Makan;A0260;17000
;Sedotan Bening 6mm;Sedotan Plastik Bening 6mm;PLASTIK;Perlengkapan Makan;A0261;28000
;Sedotan Bening 6mm Satuan;Sedotan Plastik Bening 6mm Satuan;PLASTIK;Perlengkapan Makan;A0262;2000
;Sendok Es Kezia;Sendok Plastik Es Kezia ;PLASTIK;Perlengkapan Makan;A0263;4000
;Plastik PP 10x20;Plastik Kantong Kiloan;PLASTIK;Kantong Kiloan;A0264;10000
;Kresek Mete 28;Kresek Mete Ukuran 28;PLASTIK;Kresek;A0265;10000
https://scontent-sin2-2.xx.fbcdn.net/v/t1.0-9/72996787_122942042450417_3191742273859616768_n.jpg?_nc_cat=103&_nc_oc=AQlrBW2BLK0Za1Ouh1niJD675okQ8CimMSz2x8BK4FqjWnBe9Tdzo4yQnMnvC00nPmA&_nc_ht=scontent-sin2-2.xx&oh=108ab765ed089584009fa6dea330019d&oe=5E1D35E0;Kyubi Merah 15;Plastik Kyubi Merah Ukuran 15;PLASTIK;Plastik Kyubi;A0266;12000
https://scontent-sin6-1.xx.fbcdn.net/v/t1.0-9/73078931_119257142818907_2297424405162098688_n.jpg?_nc_cat=101&_nc_eui2=AeHhZ-DoWkscCSHf0b2f2eGLDh-OpxLcgrmCmQ7K-krOBmo4UxJ2QkrWEVQjJCe2ghr_K7MDCddJt_bH1UvCWRSP7DpRl9kAkVE7wvGKIbJdLA&_nc_oc=AQm4Q4E30KvX5XO2FiIfVRQu9_yGv6qI8P1UqQ2rokVmcTmp15Y03GT5VXicfUv5AEU&_nc_ht=scontent-sin6-1.xx&oh=39e58f36f1273d8441b240578886edaf&oe=5E1E7A5F;Galon Kosong Cleo;Galon Kosong Cleo;MINUMAN;Cleo;A0267;38000
;Handle Batik Kecil;Handle Batik Kecil;PLASTIK;;A0268;18000
;Handle Batik Sedang;Handle Batik Sedang;PLASTIK;;A0269;23000
;Handle Batik Besar;Handle Batik Besar;PLASTIK;;A0270;30000
https://scontent-sin2-2.xx.fbcdn.net/v/t1.0-9/73370535_122870572457564_8871923517382197248_n.jpg?_nc_cat=107&_nc_eui2=AeGo-WEPm5B_-jtU6qGbnaAAhFcmzhJf3fDGwi7Zk-cHcGMwau7cXcnZQuIqtpVHalfprCYO2XyycsZ8YP6qYD7-nnjjPCPz3JQM5J9_pVhL_w&_nc_oc=AQnEht5bhAaWB_YAzj81cCJZeil_Iy2ClVz6i_mv3cpQNyHTWPKb6HIFy7co2hTdy5s&_nc_ht=scontent-sin2-2.xx&oh=019462a9d3f5df7135f41ae426c7bd23&oe=5E18F8CE;Tissue Jolly Facial 560;Tissu Jolly Facial 560;DAN LAIN LAIN;Tissue;A0271;21000
;Economi Hitam 35;Plastik Kresek Economi Hitam Ukuran 35;PLASTIK;Kresek;A0272;12000
;Kresek Kereta 40;Plastik Kresek Kereta Ukuran 40;PLASTIK;Kresek;A0273;14000
https://scontent-sin2-2.xx.fbcdn.net/v/t1.0-9/73415967_122921099119178_24968384353402880_n.jpg?_nc_cat=107&_nc_oc=AQlD3jXSUo6Zvov72KJgSZ8Uf4QurKQBcUUummsNvaNVcf8IRAuo6uUx7x7t7dm1MkU&_nc_ht=scontent-sin2-2.xx&oh=0ea576a047cf4a68961c0a22b2459360&oe=5E176677;Bangkuang 8x20;Plastik Bangkuang 8x20;PLASTIK;Plastik Bangkuang;A0274;8000
https://scontent-sin2-2.xx.fbcdn.net/v/t1.0-9/73081743_122922232452398_375515265636499456_n.jpg?_nc_cat=108&_nc_oc=AQnDI3IlHVIo4TSC6kh8emYqHg3qr30hNu8bQAB7Bd7SHe4Ux-Ob8mG8r1lQt5PdKZ0&_nc_ht=scontent-sin2-2.xx&oh=d87d5bbfa0615ef7fc328b1de48cc1b0&oe=5E1E02D5;Bangkuang 9x20;Plastik Bangkuang 9x20;PLASTIK;Plastik Bangkuang;A0275;8500
https://scontent-sin2-2.xx.fbcdn.net/v/t1.0-9/74438516_122907692453852_624855829614428160_n.jpg?_nc_cat=101&_nc_eui2=AeHaIy2ErtUY3_g6rofNIMYKR73TR2D5XX4T54skd5YRKr2uUR0XFkW6re0AHEaqVHygRTo9IZ9t5lg0VAAzg_E-Vjop0uDZgYTroozA_eJvVw&_nc_oc=AQlhNxov5UZ9VXJ5v0zX1sYHn2uDd2vUpca7wAE2MkXkwNUUqkX5y1fOw11e4VRUwN8&_nc_ht=scontent-sin2-2.xx&oh=efa94f91a4a141d5b979935a71d7d76a&oe=5E1B6E31;Paper Bag Batik Besar;Paper Bag Motif Batik Besar;PLASTIK;Paper Bag;A0276;19000
https://scontent-sin2-2.xx.fbcdn.net/v/t1.0-9/74692443_122909455787009_6706958978825322496_n.jpg?_nc_cat=107&_nc_eui2=AeF9a3d-Rq_TMrBgEnDoJYxmSxdA9kV-r24asoOdqVfytQMxL2ppx_yNPUyPDt63caD4kqSxJdUcW3S0tV2bGp_kqtXj6O07cWk60anqRxvCHg&_nc_oc=AQl4OpVXbyLdaeZcDb-3JKnnuUS5gNg8tgfx1E_cfvwbdElC4A2PqRmFqeLHK-GpZmM&_nc_ht=scontent-sin2-2.xx&oh=6b4e3292d65a3fc672add8ff128d618c&oe=5E27684A;Paper Bag Batik Sedang;Paper Bag Motif Batik Sedang;PLASTIK;Paper Bag;A0277;15000
https://scontent-sin2-2.xx.fbcdn.net/v/t1.0-9/73523522_122909119120376_8279928645758222336_n.jpg?_nc_cat=103&_nc_eui2=AeGsIk1s75nDLvEie5Zx52m_w4VzHmXL9E8KLBJGPaug-hifuStZ_dulldbopMd-ze9rCIwb_UPZlT7rsq8npeIJ4CV3IBxdTKaO3jZZKGkm2A&_nc_oc=AQm1w1edywIq7tQoy2dMLHB_mHxQegvnVQ_B8y848fq6uCjPMDp9IUoZYMdvxjC-oak&_nc_ht=scontent-sin2-2.xx&oh=666bba7b563496cb155ded16befd96e4&oe=5E5EC3ED;Paper Bag Batik Kecil;Paper Bag Motif Batik Kecil;PLASTIK;Paper Bag;A0278;11000
;Crystalline 220mL;Crystalline Botol 220ml;MINUMAN;;A0279;19000
;Minyak Bimoli 2L;Minyak Bimoli 2l;RUMAH TANGGA;Sembako;A0280;24000
;Gelas Puding (90mL);Gelas Puding Plastik 90ml;PLASTIK;Perlengkapan Makan;A0281;6000
;Plakban Bening 1INCI;;PLASTIK;;A0282;5000
;Origami Tanggung;Origami;ALAT TULIS;;A0283;7000
;Origami Besar;Origami;ALAT TULIS;;A0284;8000
;Origami Kecil;Origami ;ALAT TULIS;;A0285;6000
;Kotak Pensil 2893;Kotak Pensil 2893;ALAT TULIS;;A0286;15000
;Kotak Pensil XDA-3348;Kotak Pensin XDA-3348;ALAT TULIS;;A0287;17000
;Lilin Balok Besar;Lilin Balok Besar;DAN LAIN LAIN;;A0288;3000
;Lilin Warna Kecil;Lilin Wana Kecil;DAN LAIN LAIN;;A0289;3000
;Sampul Coklat;Sampul Buku Warna Coklat;ALAT TULIS;;A0290;3000
;Stabillo Biru;Stabilo Biru;ALAT TULIS;;A0291;4000
;Stabillo Orange;Stabillo Orange ;ALAT TULIS;;A0292;4000
;Stabillo Merah;Stabillo Merah;ALAT TULIS;;A0293;4000
;Stabillo Kuning;Stabillo Kuning;ALAT TULIS;;A0294;4000
;Stabillo Hijau;Stabillo Hijau;ALAT TULIS;;A0295;4000
;SIDU-DB FL GRS 200;Buku Sidu ;ALAT TULIS;;A0296;500
;TITI CAT AIR 12 WARNA;Krayon;ALAT TULIS;;A0297;24000
;TITI CAT ACRYLIC 12 WARNA;Krayon;ALAT TULIS;;A0298;37000
;Guitar-Cat Air 120;;ALAT TULIS;;A0299;11000
;Penggaris Butterfly 30 cm;Penggaris 30cm;ALAT TULIS;;A0300;2500
;Penggaris Butterfly 20 cm;Penggaris 20cm;ALAT TULIS;;A0301;2000
;Karton Putih;Karton Putih;ALAT TULIS;;A0302;3000
;Karton Hijau;Karton Hijau;ALAT TULIS;;A0303;3000
;Karton Biru;Karton Biru;ALAT TULIS;;A0304;3000
;Karton Pink;Karton Pink;ALAT TULIS;;A0305;3000
;Karton Kuning;Karton Kuning;ALAT TULIS;;A0306;3000
;Karton Hitam;Karton Hitam ;ALAT TULIS;;A0307;3000
;Sampul Kopi;Sampul Buku Warna Kopi;ALAT TULIS;;A0308;2000
;Sampul Mika Kwarto;Sampul Mika Kwarto;ALAT TULIS;;A0309;13000
;Sampul Mika Boxy;Sampul Mika Boxy;ALAT TULIS;;A0310;9000
;Amplop Kecil 104;Amplop Kecil Ukuran 104;ALAT TULIS;;A0311;16000
;Amplop Kecil 104 Satuan;Amplop Kecil Ukuran 104 Satuan;ALAT TULIS;;A0312;500
;Amplop Besar 90;Amplop Besar Ukuran 90 ;ALAT TULIS;;A0313;18000
;Amplop Besar 90 Satuan;Amplop Besar Ukuran 90 Satuan;ALAT TULIS;;A0314;750
;SIDU HVS A4 70 gr;Kertas Sidu HVS A4;ALAT TULIS;;A0315;41000
;SIDU HVS F4 70 gr;Kertas Sidu HVS F4;ALAT TULIS;;A0316;47000
;Copy Laser HVS A4 70 gr;Copy Laser HVS A4;ALAT TULIS;;A0317;39000
;Copy Laser HVS F4 70 gr;Copy Laser HVS F4 ;ALAT TULIS;;A0318;44000
;Spidol Whiteboard Snowman Hitam;Spidol Papan Tulis Hitam;ALAT TULIS;;A0319;8000
;Spidol Whiteboard Snowman Merah;Spidol Papan Tulis Merah;ALAT TULIS;;A0320;8000
;Spidol Whiteboard Snowman Biru;Spidol Papan Tulis Biru;ALAT TULIS;;A0321;8000
;Spidol Whiteboard Snowman Hijau;Spidol Papan Tulis Hijau;ALAT TULIS;;A0322;8000
;Pulpen Standard AE7 Merah;Pulpen Standart Merah;ALAT TULIS;;A0323;2000
;Pulpen Standard AE7 Biru;Pulpen Standart Biru;ALAT TULIS;;A0324;2000
;Pulpen Standard AE7 Hitam;Pulpen Standart Hitam;ALAT TULIS;;A0325;2000
;Pulpen Pilot Hitam;Pulpen Pilot Hitam;ALAT TULIS;;A0326;2000
;Pulpen Pilot Biru;Pulpen Pilot Biru;ALAT TULIS;;A0327;2000
;Stapler Joyko HD-10;Stapler Joyko HD-10;ALAT TULIS;;A0328;8000
;Etona Isi Stapler No. 10;Etona Isi Stapler 10;ALAT TULIS;;A0329;2000
;Pensil 2B Joyko P-88;Pensil 2b Joyko;ALAT TULIS;;A0330;2000
;Pensil 2B Joyko 6161;Pensil 2b Joyko;ALAT TULIS;;A0331;2000
;Pensil 2B Joyko P-101;Pensil 2b Joyko;ALAT TULIS;;A0332;2000
;Pensil 2B Faber Castell;Pensil 2b Faber Castell;ALAT TULIS;;A0333;4000
;Pensil 2B Joyko P-88;Pensil 2b Joyko;ALAT TULIS;;A0334;4000
;Pensil Mekanik Joyko MP-01;Pensil Mekanik Joyko ;ALAT TULIS;;A0335;5000
;Pensil Mekanik Joyko MP-21;Pensil Mekanik Joyko ;ALAT TULIS;;A0336;4000
;Pensil Mekanik Kenko MP-63 Batik;Pensil Mekanik Joyko ;ALAT TULIS;;A0337;4000
;Penghapus Hitam Faber Castell;Penghapus Hitam Faber Castell;ALAT TULIS;;A0338;3000
;Penghapus Putih Faber Castell;Penghapus Putih Faber Castell;ALAT TULIS;;A0339;2000
;Penghapus Abu-abu Faber Castell;Penghapus Abu-abu Faber Castell;ALAT TULIS;;A0340;7000
;Penghapus Hitam/Putih Joyko;Penghapus Hitam/Putih Joyko;ALAT TULIS;;A0341;1000
;Stiker Label Tom & Jerry;Stiker Label Tom & Jerry;ALAT TULIS;;A0342;6000
;Pensil Warna Joyko (Pendek);Pensil Warna Joyko Pendek ;ALAT TULIS;;A0343;8000
;Pensil Warna Joyko (Panjang);Pensil Warna Joyko Panjang;ALAT TULIS;;A0344;12000
;Crayon Titi 18 Warna;Crayon Titi 18 Warna;ALAT TULIS;;A0345;25000
;Crayon Titi 12 Warna;Crayon Titi 12 Warna;ALAT TULIS;;A0346;14000
;SIDU Buku Tulis 38 Lbr;Sidu Buku Tulis 38 Lembar;ALAT TULIS;;A0347;24000
;Big Boss Buku Tulis 36 Lbr;Big Boss Buku Tulis 36Lembar;ALAT TULIS;;A0348;30000
;Big Boss Buku Tulis 50 Lbr;Big Boss Buku Tulis 50 Lembar`;ALAT TULIS;;A0349;40000
;Maxi AA Buku Tulis 36 Lbr;Maxi AA Buku Tulis 50 Lembar;ALAT TULIS;;A0350;35000
;Maxi AA Buku Tulis 50 Lbr;Maxi AA Buku Tulis 50 Lembar;ALAT TULIS;;A0351;45000
;Clipboard Fancy;Clipboard Fancy;ALAT TULIS;;A0352;10000
;Clipboard Tripleks;Clipboard Tripleks;ALAT TULIS;;A0353;5000
;Clipboard Transparent;Clipboard Transparent;ALAT TULIS;;A0354;12000
;Buku Gambar A4 Ria;Buku Gambar A4 Ria;ALAT TULIS;;A0355;3000
;Buku Gambar A3 SIDU;Buku Gambar A3 Sidu;ALAT TULIS;;A0356;7000
;Bussiness File;Bussiness File;ALAT TULIS;;A0357;3000
;Amplop Coklat Folio;Amplop Coklat Folio;ALAT TULIS;;A0358;1000
;Jas Hujan;Jas Hujan;ALAT TULIS;;A0359;10000
;Rautan Trifelo TF-903;Rautan Trifelo TF-903;ALAT TULIS;;A0360;2000
;Joyko Correction Tape CT-522;Joyko Correction Tape;ALAT TULIS;;A0361;6000
;Lem Joyko GS-100;Lem Joyko;ALAT TULIS;;A0362;2500
;Etona Isi Stapler No. 3;Etona Isi Stapler No,3;ALAT TULIS;;A0363;4000
;Thermal Paper Roll;Thermal Paper Roll;ALAT TULIS;;A0364;7000
;Kertas Asturo Merah;Kertas Asturo Merah;ALAT TULIS;;A0365;2000
;Kertas Asturo Hijau;Kertas Asturo Hijau;ALAT TULIS;;A0366;2000
;Kertas Asturo Biru;Kertas Asturo Biru;ALAT TULIS;;A0367;2000
;Carry File 3 cm Putih;Carry File 3cm Putih;ALAT TULIS;;A0368;12000
;Carry File 3 cm Biru;Carry File 3cm Biru;ALAT TULIS;;A0369;12000
;Carry File 3 cm Hijau;Carry File 3cm Hijau;ALAT TULIS;;A0370;12000
;Carry File 3 cm Kuning;Carry File 3cm Kuning;ALAT TULIS;;A0371;12000
;Beras Petruk 10 kg;Beras Petruk 10kg;RUMAH TANGGA;Sembako;A0372;131000
;Beras Petruk 5 kg;Beras Petruk 5kg;RUMAH TANGGA;Sembako;A0373;68000
;Beras Kembang 10 kg;Beras Kembang 10kg;RUMAH TANGGA;Sembako;A0374;118000
;Beras Kembang 5 kg;Beras Kembang 5kg;RUMAH TANGGA;Sembako;A0375;64000
;Kokoru A4 Hachiro;Kokoru A4 Hachiro;ALAT TULIS;;A0376;12000
;Lem Korea;Lem Korea;ALAT TULIS;;A0377;5000
;Cutter L-500 Kenko;Cutter Kenko;ALAT TULIS;;A0378;13000
;Map Kancing Tebal Putih;Map Kancing Tebal Putih;ALAT TULIS;;A0379;4000
;Pulpen Kenko Easy Gel;Pulpen Kenko ;ALAT TULIS;;A0380;3000
;Kenko Correction Pen KE-01;Kenko Correction Pen ;ALAT TULIS;;A0381;5000
;Kokoru Ichigo;Kokoru Ichigo;ALAT TULIS;;A0382;12000
;Kokoru Ichiro;Kokoru Ichigo;ALAT TULIS;;A0383;12000
;Klip Warna Joyko C-3100;Klip Warna Joyko;ALAT TULIS;;A0384;4000
;Klip Joyko No. 3;Klip Joyko;ALAT TULIS;;A0385;2000
;Spidol Snowman 12 Warna;Spidol Snowman 12 Warna;ALAT TULIS;;A0386;12000
;Sticky Notes Trifelo TF-SN0243;Sticky Notes Trifelo;ALAT TULIS;;A0387;17000
;Sticky Notes Flags Tom & Jerry;Sticky Notes Flags Tom & Jerry;ALAT TULIS;;A0388;8000
;Sticky Notes Flags Tom & Jerry;Sticky Notes Flags Tom & Jerry;ALAT TULIS;;A0389;12000
;Sticky Notes Neon Tom & Jerry;Sticky Notes Neon Tom & Jerry ;ALAT TULIS;;A0390;8000
;Sticky Notes Trifelo TF654-4C/100;Sticky Notes Trifelo;ALAT TULIS;;A0391;6000
;Sticky Notes Fancy SN-889;Sticky Notes Fancy ;ALAT TULIS;;A0392;6000
;Gunting Kuku Kecil;Gunting Kuku Kecil;DAN LAIN LAIN;;A0393;3000
;Gunting Kuku Besar;Gunting Kuku Besar;DAN LAIN LAIN;;A0394;8000
;Mika Film Jilid Warna;Mika Film Jilid Warna;ALAT TULIS;;A0395;1000
;Mika Film Jilid Bening;Mika Film Jilid Bening;ALAT TULIS;;A0396;1000
;Kertas Jilid Buffalo;Kertas Jilid Buffalo;ALAT TULIS;;A0397;1000
;Sanqua 220mL;Sanqua Gelas 220ml;MINUMAN;;A0398;18000
;OPP Blanko 11,5x22;Blanko;ALAT TULIS;;A0399;8000
;OPP Blanko 8x22;Blanko;ALAT TULIS;;A0400;6000
;OPP Blanko 15x22;Blanko;ALAT TULIS;;A0401;11000
;Serbet Satuan;;RUMAH TANGGA;;A0402;5000
;Bubble Wrap;Wrap;PLASTIK;Wrap;A0403;6000
;Smile 17;;ALAT TULIS;;A0404;20000
;Smile 24;;ALAT TULIS;;A0405;20000
;Smile 29;;ALAT TULIS;;A0406;20000
;Goodie Bag Besar;Goodie Bag Besar;PLASTIK;;A0407;35000
;Kotak Kontainer 650mL Satuan;Kotak Kontainer 650ml Satuan;PLASTIK;;A0408;2500
;Kotak Kontainer 750mL Satuan;Kotak Kontainer 750ml Satuan;PLASTIK;;A0409;3000
;Foodpack Tomat Uk. M;FoodPack Tomat Ukuran M;PLASTIK;;A0410;18000
;Mika Brownies Kecil;;PLASTIK;Mika;A0411;2000
;Tusuk Gigi;Tusuk Gigi;DAN LAIN LAIN;;A0412;5000
;Goodie Bag Sedang;Goodie Bag Sedang;PLASTIK;;A0413;30000
;Goodie Bag Kecil;Goodie Bag Kecil;PLASTIK;;A0414;25000
;Sedotan Warna;Sedotan Plastik Warna ;PLASTIK;Perlengkapan Makan;A0415;1000
;Gunting;Gunting;ALAT TULIS;;A0416;6000
;Teh Gelas;Teh Gelas;MINUMAN;Teh;A0417;22000
;Tirta Gelas;Tirta Gelas;MINUMAN;;A0418;17000
;Gunung Gelas 220mL;Gunung Gelas 220ml;MINUMAN;;A0419;17000
;Tupai Hitam 24;;PLASTIK;;A0420;7000
;Tupai Hitam 15;;PLASTIK;;A0421;7000
;Plastik Ulang Tahun Character;;PLASTIK;;A0422;11000
;Botol Kalle 250mL;Botol Kalle ;PLASTIK;Botol;A0423;3000
;Botol Kick 250mL;Botol Kick;PLASTIK;Botol;A0424;3000
;Botol Prima 250mL;Botol Prima 250ml;PLASTIK;Botol;A0425;3000
;Botol Kalle Square 250mL;Botol Kalle Square;PLASTIK;Botol;A0426;3000
;Kertas Nasi Bulat 28cm;Kertas Nasi Bulat 28cm;DAN LAIN LAIN;;A0427;21000
;SIDU HVS A4 80gr;Sidu HVS A4;ALAT TULIS;;A0428;47000
;Stabillo Boss;Stabillo Boss;ALAT TULIS;;A0429;6000
;Stapler Kenko HD-50;Stapler Kenko ;ALAT TULIS;;A0430;16000
;Sampul Mika LKS;Sampul Mika LKS;ALAT TULIS;;A0431;41000
;SIDU Buku Kotak 38 Lbr;Sidu Buku Kotak 38 lembar;ALAT TULIS;;A0432;24000
;SIDU Buku Tulis 58 Lbr;Sidu Buku Tulis 58 Lembar;ALAT TULIS;;A0433;34000
;Palette Besar;Palette Besar ;ALAT TULIS;;A0434;9000
;Kuas Set Joyko;Kuas Set Joyko;ALAT TULIS;;A0435;10000
;Balon Tangkai;Balon Tangkai;ALAT TULIS;;A0436;15000
;Balon Ulang Tahun;Balon Ulang Tahun;ALAT TULIS;;A0437;18000
;Balon Metalik;Balon Metalik;ALAT TULIS;;A0438;15000
;Kantong Gelas;Kantong Gelas ;PLASTIK;;A0439;5000
https://scontent-sin2-2.xx.fbcdn.net/v/t1.0-9/73042856_122951452449476_2422311080488337408_n.jpg?_nc_cat=107&_nc_oc=AQmQ3xLVSMVXEmIn_m0pbiRDWUkJBemOsA2JH-Fl9Ezv64TsU2rm2fAJk3jOHFE9jU8&_nc_ht=scontent-sin2-2.xx&oh=52d8be4be97c52133413477d7a1b90f7&oe=5E60D4A9;Obor Sheet 20X20;Plastik Obor 20x20;PLASTIK;Plastik Obor;A0440;9000
;Minyak Tropical 1 Ltr;Minyak Tropical 1lt;RUMAH TANGGA;Sembako;A0441;13000
;Gulaku;Gulaku;RUMAH TANGGA;;A0442;14000
;Teh Celup Sari Wangi;Teh Celup Sari Wangi;RUMAH TANGGA;;A0443;6000
;Indomie Kari Ayam;Indomie Rasa Kari Ayam;RUMAH TANGGA;Sembako;A0444;3000
;Indomie Soto Mie;Indomie Rasa Soto Mie;RUMAH TANGGA;Sembako;A0445;3000
;Indomie Goreng;Indomie Goreng;RUMAH TANGGA;Sembako;A0446;3000
;Teh Botol Sosro 200ml Satuan;Teh Botol Sosro 200ml Satuan;MINUMAN;;A0447;3000
;Teh Botol Sosro 330ml Satuan;Teh Botol Sosro 330ml Satuan;MINUMAN;;A0448;5000
;Good Day 250mL Satuan;Good Day 250ml Satuan;MINUMAN;;A0449;6000
;Rinso Classic Fresh 770gr;Rinso Classic Fresh 770gr;RUMAH TANGGA;;A0450;21000
;Indofood Saus Tomat Sachet;Saus Tomat Sachet;RUMAH TANGGA;;A0451;7000
;Indofood Sambal Sachet;Saus Sambal Sachet;RUMAH TANGGA;;A0452;7000
;Sunlight Extra Nature 720mL;Sunlight Extra Nature 720ml;RUMAH TANGGA;;A0453;16500
https://scontent-sin6-1.xx.fbcdn.net/v/t1.0-9/72286508_119239336154021_7323304262023249920_n.jpg?_nc_cat=100&_nc_eui2=AeHM5tOd8EdGVyuFbbG54sJAZAhjLSOLuOOGpVYJSD1XnyPDoOVlsdZSf5R0gtakF4G5Z2xJTywM0f0juJEp1skMOoRgC8pVKssXr902c1qKHQ&_nc_oc=AQl13lnuLgnfUW1rPovyBq_wP3YtwRywASGrdJ_jWN9sGc8mhxzMJzEqyntf8TbsbRo&_nc_ht=scontent-sin6-1.xx&oh=32679df2adfa3522bb48ce58f745f885&oe=5E1BA021;Le Minerale 1500mL Satuan;Le Minarale Botol 1500ml Satuan;MINUMAN;Le Minerale;A0454;5000
;Kapal Api Special Mix;Kapal Api Special Mix;MINUMAN;;A0455;11000
;Sabun Mandi Lifebuoy 80gr;Lifebuoy Sabun Mandi;RUMAH TANGGA;;A0456;10600
;Karbol Wipol Cemara;Karbol Wipol Cemara;RUMAH TANGGA;;A0457;15000
;Krim Ekonomi Lemon 512gr;Krim Ekonomi Lemon 512gr;RUMAH TANGGA;;A0458;6000
;So Klin Lantai 800mL;So Klin Lantai 800ml;RUMAH TANGGA;;A0459;12000
;Botol 100mL;Botol 100ml;PLASTIK;Botol;A0460;2000
;OPP 25;;ALAT TULIS;;A0461;20000
;OPP 28;;ALAT TULIS;;A0462;22000
;OPP 30;;ALAT TULIS;;A0463;23000
;OPP 35;;ALAT TULIS;;A0464;25000
https://scontent-sin2-2.xx.fbcdn.net/v/t1.0-9/73047199_122929832451638_2299426113325105152_n.jpg?_nc_cat=104&_nc_oc=AQlEIfHL-tAlwIuiSJosNsA3o2riwwIZbKMoJpOVCSW303JTT-vOP2wneWuDzI7zSqs&_nc_ht=scontent-sin2-2.xx&oh=9438a5cbca4750f9e595edf54fa6c955&oe=5E56D6D8;Plastik Klip 30x40 Satuan;Plastik Klip Ukuran 30x40 Satuan;PLASTIK;Plastik Klip;A0465;1000
https://scontent-sin6-1.xx.fbcdn.net/v/t1.0-9/73320890_119260449485243_3489294193627496448_n.jpg?_nc_cat=103&_nc_eui2=AeEvG_E88NeeRMJ_EVfG4fF-q-AVdUc5XoolxSXo-gvDwaBayryDVeQN9bo4awYreHktd1KArWEf0_yRCJ0I5MBObbSZq1BOK_5YlmeIC0M9xw&_nc_oc=AQk4S_qKlVL-zT6HFpCS38oNmeo6jH_CZD9fcy5YjBaiejeQKCrwI1_j09tVmc_yUos&_nc_ht=scontent-sin6-1.xx&oh=da4ff359830fffd24c5f89683072bcef&oe=5E181F90;Cleo Smart 220mL;Cleo Smart Botol 220ml;MINUMAN;Cleo;A0466;20000
;Gula Murnis;Gula Murnis;SEMBAKO;;A0467;12000
;Kopi Kapal Api 165gr;Kopi Kapal Api 165gram;MINUMAN;;A0468;12500
;Luwak White Coffee;Luwak White Coffee;MINUMAN;;A0469;11000
;Teh Botol Sosro 250mL Satuan;Teh Botol Sosro 250ml Satuan;MINUMAN;;A0470;4000
;Coca-cola 390mL Satuan;Coca-cola 390ml Satuan;MINUMAN;;A0471;5500
;Teh Tarik Max Tea 25gr;Teh Tarik Max Tea 25gr;MINUMAN;;A0472;17000
;Rinso Cair;Rinso Cair;RUMAH TANGGA;;A0473;21000
;Sprite 390ml Satuan;Sprite  390ml Satuan;MINUMAN;;A0474;5500
;Fanta 390mL Satuan;Fanta 390ml Satuan;MINUMAN;;A0475;5500
;Saus Tomat ABC 135ml;Saus Tomat 135ml;RUMAH TANGGA;Sembako;A0476;8000
;Bango Kecap Manis 135mL;Bango Kecap Manis 135ml;RUMAH TANGGA;Sembako;A0477;9000
;Molto Pewangi Pink 900ml;Molto Pewangi Pink ;RUMAH TANGGA;;A0478;12000
;Molto Pewangi Blue 900ml;Molto Pewangi Blue;RUMAH TANGGA;;A0479;13000
;Sambal ABC Manis Pedas 135;Sambal Manis Pedas;RUMAH TANGGA;Sembako;A0480;7000
;Ultra Milk Coklat 125mL;Ultra Milk Coklat 125ml;MINUMAN;;A0481;3500
;Ultra Milk Full Cream 1L;Ultra Milk Full Cream 1l;MINUMAN;;A0482;18000
;Ultra Milk Coklat 1L Satuan;Ultra Milk Coklat 1L Satuan;MINUMAN;;A0483;18000
;Milo Coklat 115mL;Milo Coklat 115ml;MINUMAN;;A0484;4000
;Ultra Milk Strawberry 125mL;Ultra Milk Strawberry 125ml;MINUMAN;;A0485;4000
;Mangkok Bulat 200mL;Mangkok Plastik 200ml;PLASTIK;Perlengkapan Makan;A0486;29000
;Mangkok Bulat 400mL;Mangkok Plastik 400ml;PLASTIK;Perlengkapan Makan;A0487;50000
;You-C 1000 Orange;You-C1000 Orange;MINUMAN;;A0488;7000
;Kotak Kontainer 1500mL Satuan;Kotak Kontainer 1500ml Satuan;PLASTIK;;A0489;3500
;Kotak Kontainer 1500mL;Kotak Kontainer 1500ml Satuan;PLASTIK;;A0490;65000
https://scontent-sin2-2.xx.fbcdn.net/v/t1.0-9/73399945_122884499122838_8746336341479915520_n.jpg?_nc_cat=105&_nc_eui2=AeFqOapjkiPpHYq35zDllkxckY11AfYylsRX_FutxpoG2Nev8qxtx4J7goIGqBiGzyjuCHgjo_vZOUicDYNBlhC_UHGWLwbDd4KSKSeEVfzKKg&_nc_oc=AQlaOs5qt0YQ9sDCSuHlvSCGBISV7LfYxRUYNWBsC6P7s97KjE3E-lNmMVEPAjJYarU&_nc_ht=scontent-sin2-2.xx&oh=a420be330f98b62cb36b63972356ce77&oe=5E22DBDF;Agar Swallow Satuan (Merah);Agar Swallow Merah Satuan;RUMAH TANGGA;Sembako;A0491;4000
;Kotak Kontainer 650mL;Kotak Kontainer 650ml ;PLASTIK;;A0492;94000
;Kotak Kontainer 750mL;Kotak Kontainer 750ml   ;PLASTIK;;A0493;70000
;Big Boss Buku Tulis 36 Lbr Satuan;Big Boss Buku Tulis 36 Lembar Satuan;ALAT TULIS;;A0494;4000
https://scontent-sin6-1.xx.fbcdn.net/v/t1.0-9/72961244_119270942817527_3782717017736347648_n.jpg?_nc_cat=110&_nc_eui2=AeEOasNcaaqwKYOb4NAtDICuvSocM_HizXQV2_WHl8TVjJraJ4vnl_kkVGiFpWWTLgP5cL6mHioH-uDht_vOAhhqNsSYT00thMPLDspwb09JzA&_nc_oc=AQko-W759ZS9H1di4AHJS9JrDFq2EL7nm1YNQe23owKSZmOnv4CBC1PrIkOWm4owOCY&_nc_ht=scontent-sin6-1.xx&oh=6c4d032a5ad7f2ffa486ba3def0d65c1&oe=5E261A0C;Nestle 600mL Satuan;Nestle Botol 600ml Satuan;MINUMAN;Nestle;A0495;3000
;Pepsodent Pasta Gigi 120gr;Pepsodent Pasta Gigi 120gr;RUMAH TANGGA;;A0496;7500
;Pepsodent Sikat Gigi;Pepsodent Sikat Gigi;RUMAH TANGGA;;A0497;4000
;Lifebuoy Sabun Cair 100mL;Lifebuoy Sabun Cair 100ml;RUMAH TANGGA;;A0498;9000
;Formula Sikat Gigi;Formula Sikat Gigi;RUMAH TANGGA;;A0499;4000
;Teh Botol Sosro 330 mL;Teh Botol Sosro 330ml   ;MINUMAN;;A0500;68000
;Bear Brand 189mL Satuan;Bear Brand 189ml Satuan;MINUMAN;;A0501;9000
;Indofood Sambal Pedas 140mL;Sambal Pedas 140ml;RUMAH TANGGA;;A0502;7000
;Mentega Blue Band 250gr;Mentega Blue Band 250gram;RUMAH TANGGA;;A0503;12000
https://scontent-sin6-1.xx.fbcdn.net/v/t1.0-9/74677135_122301925847762_2021691932870180864_n.jpg?_nc_cat=104&_nc_eui2=AeGyieHyIxGmaHeQHRy0yDyVBk2_oo6aWsoeWYVVCw6fzQpWZRuKy4vPbFc2rmdKbWzABYIz-3CP3YH5OT-6zIqv2LWQ7gFzwdyE4n4A20NQeA&_nc_oc=AQmHKr91UMQVNU6zziMbi-VGPsnd1HmLCuDyll9r1pjVI6yK3FriR4tQHFukM0ou3Os&_nc_ht=scontent-sin6-1.xx&oh=704fa8aa22ca36bbd6132d692af05ded&oe=5E18A3DB;Paseo Kitchen Towel 3 Roll;Tissue Paseo Kitchen Towel 3 Roll;DAN LAIN LAIN;Tissue;A0504;33000
;Nice Facial Soft Pack 180s;Tissue Nice Facial Soft Pack 180s;DAN LAIN LAIN;;A0505;7000
;Pocari Sweat 350mL Satuan;Pocari Sweat 350ml Satuan;MINUMAN;;A0506;6000
;Alkaline Baterai AA;Alkaline Baterai AA;RUMAH TANGGA;;A0507;15000
;Alkaline Baterai AAA;Alkaline Baterai AAA;RUMAH TANGGA;;A0508;17000
;Garam Halus GMR 200gr;Garam Halus GMR 200gram;RUMAH TANGGA;;A0509;2000
;Buavita Juice Apple 250mL Satuan;Buavita Juice Apple 250ml Satuan;MINUMAN;;A0510;6500
;Buavita Juice Orange 250mL Sat.;Buavita Juice Orange 250ml Satuan;MINUMAN;;A0511;6500
;Pocari Sweat 350mL;Pocari Sweat 350ml  ;MINUMAN;;A0512;125000
;Buavita Juice Guava 250mL Sat.;Buavita Juice Guava 250ml Satuan;MINUMAN;;A0513;6500
;Pondan Ice Cream Coklat 75gr;Pondan Ice Cream Coklat 75gram;RUMAH TANGGA;;A0514;8500
;Pondan Pudding Coklat 100gr;Pondan Pudding Coklat 100gram;RUMAH TANGGA;;A0515;9000
https://scontent-sin6-1.xx.fbcdn.net/v/t1.0-9/72529434_118487032895918_3096170219207393280_n.jpg?_nc_cat=105&_nc_eui2=AeE1QDp8bVlnndWo0sA7S7PTA0Rs5CfG3sUd_Yd0PMeN6NFLnyfpEFxiq36VW_gd_zZtLt06flKMBT1IhoWRZy4YthjedL8CiEQGPw50KOJ2kw&_nc_oc=AQkVut6t6QGPDnz8KAkwS33hr7R6BBEnfbhff2-13ZJD6rKdOxTv-hC0ohLjQgeBWoY&_nc_ht=scontent-sin6-1.xx&oh=2dadde0d82dc284a053d143ee5552c27&oe=5E1D5869;Aqua 1500mL Satuan;Aqua Botol 1500ml Satuan;MINUMAN;Aqua;A0516;6000
;Sabun Mandi Lifebuoy 80gr Satuan;Sabun Mandi Lifebuoy 80gr Satuan;RUMAH TANGGA;;A0517;3000
;Good Day Cappucino 25gr;Good Day Cappucino 25gr;MINUMAN;;A0518;15000
;Nutri Sari 14gr;NutriSari 14gram;MINUMAN;;A0519;12000
;Chocolatos Chocolate 28gr;Chocolatos Chocolate 28gram;MINUMAN;;A0520;16000
;Mawar Cotton Buds 100s;Mawar Cotton Buds 100s;RUMAH TANGGA;;A0521;5000
;Gery Chocolatos Grande 16gr;Gery Chocolatos Grande 16gram;DAN LAIN LAIN;;A0522;20000
;Indocafe Coffeemix 3in1;Indocafe Coffeemix 3in1;MINUMAN;;A0523;13000
;Coca-cola 390mL;Coca-cola 390ml  ;MINUMAN;;A0524;55000
;Gery Chocolatos Grande 16gr Satuan;Gery Chocolatos Grande 16gram Satuan;DAN LAIN LAIN;;A0525;1000
;Buavita Juice Guava 250mL;Buavita Juice Guava 250ml  ;MINUMAN;;A0526;146000
;Bear Brand 189mL;Bear Brand 189ml  ;MINUMAN;;A0527;270000
;Mony Cincau Honey Kaleng 300mL;Mony Cincau Honey Kaleng 300ml;MINUMAN;;A0528;6000
;Floridina Orange 350mL;Floridina Orange 350ml ;MINUMAN;;A0529;33000
;Fortune Minyak Goreng 2L;Fortune Minyak Goreng 2l;RUMAH TANGGA;Sembako;A0530;130000
;Teh Celup Tong Tji;Teh Celup Tong Tji ;RUMAH TANGGA;;A0531;10000
;Ultra Milk 250 mL;Ultra Milk 250ml;MINUMAN;;A0532;120000
;Foodpack Tomat Sat. Uk. M;FoodPack Tomat Ukuran M;PLASTIK;;A0533;1500
;Keju MEG 2kg;Keju MEG 2kg;RUMAH TANGGA;;A0534;100000
;Tusuk Gigi 1 Pak;Tusuk Gigi 1pack;RUMAH TANGGA;;A0535;27000
;Ultra Milk Coklat 250 mL Satuan;Ultra Milk Coklat 250ml satuan;MINUMAN;;A0536;5500
;Ultra Milk 1L;Ultra Milk 1l;MINUMAN;;A0537;196000
;Sprite 390ml;Sprite 390ml ;MINUMAN;;A0538;55000
;Teh Tarik Max Tea;Teh Tarik Max Tea   ;MINUMAN;;A0539;48000
;Molto Black Sachet 10mL;Molto Black Sachet 10ml;RUMAH TANGGA;;A0540;6000
;Attack Bubuk + Softnr 450gr;Attack Bubuk + Softener 450gram;RUMAH TANGGA;;A0541;13000
;Super Pell Apple 780mL;Super Pell Apple 780ml;RUMAH TANGGA;;A0542;12000
;Molto Trika Flower 400mL;Molto Trika Flower 400ml;RUMAH TANGGA;;A0543;6000
;Kiki Kwitansi Mini;Kiki Kwitansi Mini;ALAT TULIS;;A0544;2500
;Teh Ktk Jasmine 300mL Sat;Teh Kotak Jasmine 350ml Satuan;MINUMAN;;A0545;3500
;Good Day 3in1 Mocca. 20gr;Good Day 3in1 Mocca 20 gram;MINUMAN;;A0546;12000
;Sunlight Lime 780mL;Sunlight Lime 780ml;RUMAH TANGGA;;A0547;15000
https://scontent-sin6-1.xx.fbcdn.net/v/t1.0-9/73063390_119241326153822_3412271441301733376_n.jpg?_nc_cat=104&_nc_eui2=AeG6B7n7LrfqPbs94FrdEIOqlIDUsCr67V3M-yCCiaCHevKnPjfqg6t6B8g127Iaw0YJEdJUnI_QK32iMajosqrCw1Q7bl5Wz52syI2n2wo5Ww&_nc_oc=AQnSg1dmBGhK8WIn8IwfnqSI-OeMADOqcW3ClN5YAsN_nzKJFQFNrvU4rzV596iRx3E&_nc_ht=scontent-sin6-1.xx&oh=4647f767307709a5e5c310561278f32f&oe=5E28084E;Le Minerale 600mL Satuan;Le Minerale Botol 600ml Satuan;MINUMAN;Le Minerale;A0548;2000
;Teh Kotak Jasmine 300mL;Teh Kotak Jasmine 300ml;MINUMAN;;A0549;72000
;Dettol Hand Sanitizer 50mL;Dettol Hand Sanitizer 50ml;RUMAH TANGGA;;A0550;15000
;Sasa Santan Cair 200mL;Sasa Santan Cair 200ml;RUMAH TANGGA;;A0551;8000
;Max Tea Lemon Tea 25gr;Max Tea Lemon Tea 25gram;MINUMAN;;A0552;11000
;Pondan Pudding Mango 100gr;Pondan Pudding Mango 100gram ;RUMAH TANGGA;;A0553;9000
;Pondan Pudding Vanilla 100gr;Pondan Pudding Vanilla 100gram;RUMAH TANGGA;;A0554;9000
;Bango Pouch 220mL;Bango Pouch 220ml;RUMAH TANGGA;;A0555;11000
;Lifebuoy Sabun Cair Pouch 250mL;Lifebuoy Sabun Cair Pouch 250ml;RUMAH TANGGA;;A0556;15000
;Dettol Sabun Cair Pouch 250mL;Dettol Sabun Cair Pouch 250ml;RUMAH TANGGA;;A0557;19000
;SKM Bendera Coklat 370mL;Susu Kental Manis Bendera Coklat 370ml ;RUMAH TANGGA;;A0558;12000
;SKM Bendera Biru 370mL;Susu Kental Manis Bendera Biru 370 ml;RUMAH TANGGA;;A0559;12000
;SKM Bendera Biru Scht 40mL;Susu Kental Manis Bendera Biru Sachet 40ml;RUMAH TANGGA;;A0560;9000
;SKM Bendera Coklat Scht 40mL;Susu Kental Manis Bendera Coklat Sachet 40ml;RUMAH TANGGA;;A0561;9000
;SKM Indomilk Putih Scht 37mL;Susu Kental Manis Indomilk Sachet 37ml;RUMAH TANGGA;;A0562;8000
;Mie Telor 3 Ayam Merah 200gr;Mie Telor 3 Ayam Merah 200gram;RUMAH TANGGA;;A0563;6000
;Indofood Sambal Ext Pedas 340mL;Sambal Extra Pedas 340ml;RUMAH TANGGA;;A0564;15000
;Vixal 780mL;Vixal 780ml;RUMAH TANGGA;;A0565;17000
;Teh Botol Sosro 200ml;Teh Botol Sosro 200ml  ;MINUMAN;;A0566;55000
;Fortune Minyak Goreng 2L;Fortune Minyak Goreng 2l;RUMAH TANGGA;Sembako;A0567;23000
;Minyak Grg Kunci Mas 1L;Minyak Goreng Kunci Mas 1l;RUMAH TANGGA;Sembako;A0568;12000
;Omela KKM 370gr;Omela KKM 370gram;RUMAH TANGGA;;A0569;11000
;Energen Kacang Hijau;Energen Kacang Hijau;MINUMAN;;A0570;15000
;Energen Jagung;Energen Jagung;MINUMAN;;A0571;15000
https://scontent-sin6-1.xx.fbcdn.net/v/t1.0-9/72849984_118582869553001_4421746832133062656_n.jpg?_nc_cat=101&_nc_eui2=AeFNOYYYUrKyGLBTDu1sEFmZ64fQkuCR4ctw_rcgCOOy7d-RTfEFluyvJV6rNp0FBZ7wVd_BYbHmFvhO8dEqq-oH2H7tkZPOqEzVglR2WJeSLw&_nc_oc=AQlLEKaIX76WINAPkRgnxyqQlqhQNAHYsS7-0brXMsBkJrB5V3KJWkBENdH4ber3bWM&_nc_ht=scontent-sin6-1.xx&oh=23a273a06205997c1839e54b1b42b884&oe=5E229CB6;Aqua 330mL Satuan;Aqua Botol 330ml Satuan;MINUMAN;Aqua;A0572;2000
;Blue Band Sachet 200gr;Blue Band Sachet 200gram;RUMAH TANGGA;;A0573;9000
;Pulpy Orange 300mL;Pulpy Orange 300ml;MINUMAN;;A0574;65000
;Lifebuoy Sabun Cair Pouch 450mL;Lifebuoy Sabun Cair Pouch 450ml;RUMAH TANGGA;;A0575;23000
;Bola Tepung Maizena;Bola Tepung Maizena;RUMAH TANGGA;Sembako;A0576;8000
;Indocafe Cappucino 25gr;Indocafe Cappucino 25gram;MINUMAN;;A0577;20000
;Es Batu;Es Batu;RUMAH TANGGA;;A0578;2000
;Coca Cola 1L;Coca-cola 1L;MINUMAN;;A0579;11000
;Sprite 1L;Sprite 1L;MINUMAN;;A0580;11000
;Fanta 1L;Floridina 1L;MINUMAN;;A0581;11000
;Floridina Orange 350mL Sat.;Floridina Orange 350ml Satuan;MINUMAN;;A0582;3000
;Good Day Mocacino 250mL;Good Day Mocacino 250ml;MINUMAN;;A0583;115000
;Indofood Kecap Asin 140mL;Kecap Asin 140ml;RUMAH TANGGA;Sembako;A0584;6000
;Energen Vanilla 29gr;Energen Vanilla 29gram;MINUMAN;;A0585;15000
;Minyak Grg Kunci Mas 1L;Minyak Goreng Kunci Mas 1l;RUMAH TANGGA;Sembako;A0586;130000
;Tas Serut 20;Tas Serut 20;PLASTIK;;A0587;25000
;Tas Serut 18;Tas Serut 18;PLASTIK;;A0588;24000
;Tas Serut 22;Tas Serut 22;PLASTIK;;A0589;26000
;Ultra Milk Full Cream 200mL;Ultra Milk Full Cream 200ml;MINUMAN;;A0590;100000
;Larutan Cap Kaki Tiga 200mL;Larutan Cap Kaki Tiga 200ml;MINUMAN;;A0591;5000
;SKM Carnation 370mL;Susu Kental Manis Carnation 370ml;MINUMAN;;A0592;435000
;Bango 220mL;Kecap Bango 220ml;RUMAH TANGGA;;A0593;360000
;Indomie Goreng;Indomie Goreng;RUMAH TANGGA;Sembako;A0594;100000
;Rose Brand Minyak Grg 2L;Minyak Rose Brand 2lt;RUMAH TANGGA;Sembako;A0595;130000
;Indomie Soto Mie;Indomie Rasa Soto Mie;RUMAH TANGGA;Sembako;A0596;90000
https://scontent-sin6-1.xx.fbcdn.net/v/t1.0-9/72419930_119269362817685_857228953490817024_n.jpg?_nc_cat=109&_nc_eui2=AeHvt5Hl_KXrV_5rBbKgLlgUotQGZjwA_7kR2uKRonhG5NH8frt7V6m9_-FW8vTNaxEc8UF3WLVwU4R6Mf7YXky2rr15LrhEBJfL0gbIOq2WUA&_nc_oc=AQnFd1Fxa-cZj-X6RqAnGsaCElq6exZHtA4i1iIyeCQX1L6zIRqL5JzU8_90v0bgOuU&_nc_ht=scontent-sin6-1.xx&oh=e3916354fcbd08c098a0f7e760f63c81&oe=5E1EE0AE;Nestle 1500mL Satuan;Nestle Botol 1500ml Satuan;MINUMAN;Nestle;A0597;5000
;Teh Botol Sosro 250mL;Teh Botol Sosro 250ml  ;MINUMAN;;A0598;63000
;Indomie Kari Ayam;Indomie Rasa Kari Ayam;RUMAH TANGGA;Sembako;A0599;100000
;Rs. Brand Tepung Beras 500gr;Tepung Beras Rose Brand;RUMAH TANGGA;Sembako;A0600;10000
;Molto Blue 20mL;Molto Blue 20ml;RUMAH TANGGA;;A0601;6000
;Dettol Lantai Pine 30mL;Dettol Lantai Pine 30ml;RUMAH TANGGA;;A0602;12000
;Dettol Lantai Citrus 30mL;Dettol Lantai Citrus 30ml;RUMAH TANGGA;;A0603;12000
;Pulpen Kiki;Pulpen Kiki;ALAT TULIS;;A0604;3000
;Rose Brand Minyak Grg 2L;Rose Brand Minyak 2l;RUMAH TANGGA;Sembako;A0605;22000
;Dettol Sabun Cair 100mL;Dettol Sabun Cair 100ml;RUMAH TANGGA;;A0606;12000
;Clear Ice Cool 170mL;Clear Ice Cool 170ml;RUMAH TANGGA;;A0607;22000
;Clear Shampoo 160mL;Clear Shampoo 160ml;RUMAH TANGGA;;A0608;23000
;Minyak Kayu Putih Huki 30mL;Minyak Kayu Putih Huki;RUMAH TANGGA;Sembako;A0609;12000
;Minyak Telon Huki 60mL;Minyak Telon Huki;RUMAH TANGGA;Sembako;A0610;17000
;Dancow Instant 27gr;Dancow Instant 27gram;MINUMAN;;A0611;33000
;Rose Brand Gula Kuning;Rose Brand Gula Kuning;RUMAH TANGGA;;A0612;13000
;Royco Kaldu Sachet 9gr;Royco Kaldu Sachet 9gram;RUMAH TANGGA;;A0613;6000
;Pulpy Orange 300mL Satuan;Pulpy Orange 300ml Satuan;MINUMAN;;A0614;6500
https://scontent-sin6-1.xx.fbcdn.net/v/t1.0-9/73065108_122306639180624_7411372630852239360_n.jpg?_nc_cat=104&_nc_eui2=AeECmR3QSqz8MZ7cY6nPPeUwFnxcjZ4a_0V_K4Z8SjjGdNT9dfVESzTxps_Qj2aS9ZNjZvUUeWItKHJXdDyfdcJJ0ubbepX-_li5CK-tbDxPcA&_nc_oc=AQkHLfLTpgLsBpD7YYSS7dVHVOD0N37vcvpmlWX9BFzLN2fnLHzz-yH_EjWsPNXT4dY&_nc_ht=scontent-sin6-1.xx&oh=bb85edce4da29642da5591a947aee342&oe=5E5D2B08;Paseo Basah Baby Satuan;Tissue Paseo Basah Baby Satuan;DAN LAIN LAIN;Tissue;A0615;8000
;Foodpack Tomat Uk. S;FoodPack Tomat Ukuran S;PLASTIK;;A0616;33000
;S-Tee 350mL;S-tee 350ml;MINUMAN;;A0617;26000
;Fanta 1L;Fanta 1L;MINUMAN;;A0618;115000
;Coca Cola 1L;Coca-cola 1L;MINUMAN;;A0619;115000
;Sprite 1L;Sprite 1L;MINUMAN;;A0620;115000
;Gelas Plastik Polkadot;Gelas Plastik Motif Polkadot;PLASTIK;Perlengkapan Makan;A0621;6000
;Sendok Bebek;Sendok Plastik Bebek;PLASTIK;Perlengkapan Makan;A0622;7000
;Mama Lime 55mL;Mama Lime 55ml;RUMAH TANGGA;;A0623;1000
;Nutrijell Puding Susu 145gr;Nutrijell Puding Susu 145gr;RUMAH TANGGA;Sembako;A0624;10000
;Sampul Mika LKS Satuan;Sampul Mika LKS;ALAT TULIS;;A0625;1000
;Tropicana Slim;Gula Tropicana Slim;RUMAH TANGGA;;A0626;45000
;Pulpen Joyko BP-264;Pulpen Joyko;ALAT TULIS;;A0627;3000
;Tinta Pulpen Gel Refill;Tinta Pulpen Refill;ALAT TULIS;;A0628;3000
;Ultra Milk 125mL;Ultra Milk 125ml;MINUMAN;;A0629;103000
;Tora Coffee;Tora Coffee;MINUMAN;;A0630;3500
;Kopiko 78;Kopiko 78;MINUMAN;;A0631;6000
;Guava 350mL;Guava 350ml;MINUMAN;;A0632;6000
;Tora Bika Cappucino;Tora Bika Cappucino;MINUMAN;;A0633;15000
;Big Boss Buku Tulis 50 Lbr;Buku Big Boss Tulis 50lembar;ALAT TULIS;;A0634;5000
;Ades 600mL;Ades Botol 600ml;MINUMAN;;A0635;56000
;Sendok Makan Putih Susu;Sendok Makan Plastik Warna Putih Susu;PLASTIK;Perlengkapan Makan;A0636;5000
;Tepung Tapioka;Tepung Tapioka;RUMAH TANGGA;Sembako;A0637;20000
;Keju 250gr;Keju 250gram;RUMAH TANGGA;;A0638;15000
;ABC Kopi Susu Bag;ABC Kopi Susu Bag;MINUMAN SACHET;Sembako;A0639;11000
;Gula Pasir 0.5kg;Gula Pasir 0.5gram;RUMAH TANGGA;;A0640;7000
;Kotak Kontainer 1L Satuan;Kotak Kontainer 1L Satuan;PLASTIK;;A0641;2000
;Kotak Kontainer 1L;Kotak Kontainer 1L ;PLASTIK;;A0642;70000
;ABC Lychee 250mL;Sirup rasa Lychee 250ml;RUMAH TANGGA;Sembako;A0643;100000
;Kunci Mas 1.8L;Minyak Goreng Kunci Mas 1.8L;RUMAH TANGGA;;A0644;120000
;Daia Lemon 55gr;Daia Lemon 55gram;RUMAH TANGGA;;A0645;7000
;Beras Kembang 20kg;Beras Kembang 20kg;RUMAH TANGGA;Sembako;A0646;220000
;Tepung Terigu 500gr;Tepung Terigu 500gram;RUMAH TANGGA;Sembako;A0647;6500
;Kapal Api Special Mix;Kapal Api Special Mix;MINUMAN;;A0648;126000
;Gula Pasir 0,5kg;Gula Pasir 0.5gram;RUMAH TANGGA;;A0649;260000
;Tepung Terigu 500gr;Tepung Terigu 500gram;RUMAH TANGGA;Sembako;A0650;115000
;Buavita Juice Apple 250mL;Buavita Juice Apple 250ml  ;MINUMAN;;A0651;142000
;Krim Ekonomi;Krim Ekonomi Lemon ;RUMAH TANGGA;;A0652;1000
;S-Tee 350mL Satuan;S-tee 350ml Satuan;MINUMAN;;A0653;3000
;Beras Rojolele 5kg;Beras Rojolele 5kg;RUMAH TANGGA;Sembako;A0654;60000
;Oasis Galon 19L;Oasis Galon Isi 19liter;MINUMAN;;A0655;14000
;Galon Kosong Oasis;Galon Kosong Oasis;MINUMAN;;A0656;20000
https://scontent-sin6-1.xx.fbcdn.net/v/t1.0-9/72286259_119220796155875_2989373147267989504_n.jpg?_nc_cat=102&_nc_eui2=AeFjDGji10vlyM5dkrVUWGIRsDlVoGfN28aukIEih1LQMwreM1SXO2qF8amRXzxEz45hFOmYIjTknzaRgF1uhvurCyyLhjxuvYZWlE1lPDQx0g&_nc_oc=AQkFIgnsv4Ha2Xjad1YvUv96e3lMQngsU9nvh76_2OgHapi8gbK2Uj7Ur4mOEWUYz3g&_nc_ht=scontent-sin6-1.xx&oh=3fa3e4a8acbd2a3b022ad0694f701d9d&oe=5E196284;Vit 600mL Satuan;Vit Botol 600ml Satuan;MINUMAN;Vit;A0657;2000
;Oasis Gelas 240mL;Oasis Gelas 240ml;MINUMAN;;A0658;21000
;Oasis 330mL;Oasis Botol 330ml;MINUMAN;;A0659;30000
;Oasis 600mL;Oasis Botol 600ml;MINUMAN;;A0660;32000
;Paper Cup Polos;Paper Cup Motif Polos;PLASTIK;;A0661;15000
;Beras BMW 5kg;Beras BMW 5kg;RUMAH TANGGA;Sembako;A0662;70000
;Oasis 600mL Satuan;Oasis Botol 600ml Satuan;MINUMAN;;A0663;2000
;Beras Petruk 20kg;Beras Petruk 20kg;RUMAH TANGGA;Sembako;A0664;250000
;Kunci Mas 1.8L;Minyak Goreng Kunci Mas 1,8lt;RUMAH TANGGA;;A0665;21000
;Ultra Mimi Vanilla;Ultra Mimi Vanilla ;MINUMAN;;A0666;103000
;Plastik Ulang Tahun Kecil;Plastik Ulang Tahun Kecil;PLASTIK;;A0667;7000
;Beras Ramos Kembang 5kg;Ramos Kembang 5kg;RUMAH TANGGA;Sembako;A0668;55000
;Amidis Galon 19L;Amidis Galon Isi 19lt;MINUMAN;;A0669;20000
;Beras BMW Super 10kg;Beras BMW 10kg;RUMAH TANGGA;Sembako;A0670;145000
;Kuku Bima Anggur;Kuku Bima Anggur;MINUMAN;;A0671;7000
;Indofood Kecap Manis 275mL;Kecap Manis 275ml;RUMAH TANGGA;Sembako;A0672;13000
;Indofood Sambal Bangkok 340mL;Sambal Bangkok 340ml;RUMAH TANGGA;;A0673;17000
;Tepung Terigu 1kg;Tepung Terigu 1kg;RUMAH TANGGA;Sembako;A0674;210000
